,speed,htm,myalgid,myposid,alg,notes
,2.4,3,J-C1,1D1C,F' U' F,RU Left-Sexy-3
,2.4,3,J-C2,0A2C,R U R',RU Sexy-3
,3.2,4,J-D1,1C2C,F R' F' R,RF Left-Sledgehammer
,3.2,4,J-D2,0B1C,R' F R F',RF Sledgehammer
,2.88,4,J-D3,0B1C,U R U' R',RU Anti-Sexy
,2.88,4,J-D4,1C2C,U' F' U F,RU Anti-Left-Sexy
,3.52,4,J-D5,1C2C,U2 F' U2 F,RU Left-Sune-End
,3.52,4,J-D6,0B1C,U2 R U2 R',RU Sune-End
,4.8,5,J-E1,1A0C,F' L' U2 L F,RFU Left-Rib
,4.8,5,J-E2,0D0C,R B U2 B' R',RFU Rib
,4.68,6,J-F1,1D1C,B F' U' F U B',RUL
,5.08,6,J-F2,1C2C,B U' F' U B' F,RUL
,5.0,6,J-F3,1C2C,B' F R' F' R B,
,5.8,6,J-F4,1C2C,B' F R2 F' R2 B,
,5.4,6,J-F5,0B1C,B' R' F R B F',
,4.88,6,J-F6,1A0C,F' L' U L U F,RFU
,5.2,6,J-F7,1J0C,F' U F R U2 R',RFU
,4.9,6,J-F8,1C1V,F' U F2 R' F' R,RFU
,5.3,6,J-F9,1C2C,F' U L F' L' F2,RFU
,5.6,6,J-F10,0B2V,F' U2 F R U2 R',RFU
,5.7,6,J-F11,1C1V,F' U2 L F' L' F2,RFU
,5.28,6,J-F12,1D1C,F' U2 L' U L F,RFU
,5.88,6,J-F13,0A1C,F2 L' U' L U F2,RFU Left-Sexy-F2
,5.88,6,J-F14,0D2C,F2 U' L' U L F2,RFU Anti-Left-Sexy-F2
,5.4,6,J-F15,1C2C,L F R' F' L' R,
,5.0,6,J-F16,0B1C,L R' F R F' L',
,5.8,6,J-F17,0B1C,L R' F2 R F2 L',
,4.68,6,J-F18,0A2C,L' R U R' U' L,RUL
,5.08,6,J-F19,0B1C,L' U R U' L R',RUL
,4.88,6,J-F20,0D0C,R B U' B' U' R',RFU
,5.3,6,J-F21,0B1C,R U' B' R B R2,RFU
,5.2,6,J-F22,1J0C,R U' R' F' U2 F,RFU
,4.9,6,J-F23,0B2V,R U' R2 F R F',RFU
,5.28,6,J-F24,0A2C,R U2 B U' B' R',RFU
,5.7,6,J-F25,0B2V,R U2 B' R B R2,RFU
,5.6,6,J-F26,1C1V,R U2 R' F' U2 F,RFU
,5.88,6,J-F27,1D2C,R2 B U B' U' R2,RFU Sexy-F2
,5.88,6,J-F28,1A1C,R2 U B U' B' R2,RFU Anti-Sexy-F2
,5.2,6,J-F29,0B1C,U F' L' U' L F,RFU
,5.2,6,J-F30,0B1C,U R B U' B' R',RFU
,5.2,6,J-F31,1C2C,U' F' L' U L F,RFU
,5.2,6,J-F32,1C2C,U' R B U B' R',RFU
,5.3,6,J-F33,1A0C,U2 F' L F' L' F2,RFU
,5.5,6,J-F34,0B1C,U2 F2 L F L' F,RFU
,5.3,6,J-F35,0D0C,U2 R B' R B R2,RFU
,5.5,6,J-F36,1C2C,U2 R2 B' R' B R',RFU
,7.92,7,J-G1,1C0V,B L2 D F D' L2 B',
,6.0,7,J-G2,0D0C,B' R B U2 B' R' B,RFU
,6.28,7,J-G3,0B0V,B' R2 U' R' U R2 B,RFU Shortest-Edge
,5.78,7,J-G4,1C2C,F R' F2 U' F U R,RFU
,5.56,7,J-G5,1B1C,F U2 F2 U' F2 U' F',RU Left-Brunette
,7.0,7,J-G6,1C0V,F U2 L F L' U2 F',RFU Shortest-Left-Edge
,7.0,7,J-G7,0B0V,F U2 L F' L' U2 F',RFU Shortest-Edge
,6.4,7,J-G8,1B2C,F' L' B' U B L F,Left-Rebel
,4.56,7,J-G9,1D1C,F' U F U F' U F,RU
,4.56,7,J-G10,1C1V,F' U F U' F' U F,RU Anti-Left-Sexy2
,4.96,7,J-G11,1J0C,F' U F U' R U' R',RFU
,4.8,7,J-G12,1A0C,F' U F U2 F' U' F,RU
,5.04,7,J-G13,1C1V,F' U F U2 F' U2 F,RU
,5.2,7,J-G14,0C1C,F' U F U2 R U R',RFU
,5.2,7,J-G15,1J0C,F' U F' L F L' F,
,5.6,7,J-G16,0C1C,F' U L' U L U2 F,RFU
,5.6,7,J-G17,1A1C,F' U L' U' L U2 F,RFU
,5.84,7,J-G18,1B1C,F' U L' U2 L U2 F,RFU
,4.56,7,J-G19,1C2V,F' U' F U F' U' F,RU Left-Sexy2
,5.2,7,J-G20,0B2V,F' U' F U' R U2 R',RFU
,5.2,7,J-G21,0B2V,F' U' F U2 R U' R',RFU
,5.6,7,J-G22,1A2C,F' U' L' U2 L U' F,RFU Left-Rubber
,4.96,7,J-G23,1C0C,F' U2 F U F' U' F,RU Left-Split
,5.36,7,J-G24,0B1C,F' U2 F U R U R',RFU
,5.2,7,J-G25,1D1C,F' U2 F U' F' U2 F,RU
,5.36,7,J-G26,0B2V,F' U2 F U' R U' R',RFU
,5.6,7,J-G27,1J0C,F' U2 F U' R U2 R',RFU
,5.6,7,J-G28,1J0C,F' U2 F U2 R U' R',RFU
,5.6,7,J-G29,0B2V,F' U2 F' L F L' F,RFU
,5.76,7,J-G30,1B2C,F' U2 L' U' L U' F,RFU
,7.42,7,J-G31,0C1C,F2 L D' L D L2 F2,
,6.2,7,J-G32,0J0C,F2 U' F2 U' F2 U2 F2,RU
,6.0,7,J-G33,1A0C,L F' L' U2 L F L',RFU
,6.28,7,J-G34,1C0V,L F2 U F U' F2 L',RFU Shortest-Left-Edge
,7.92,7,J-G35,0B0V,L' B2 D' R' D B2 L,
,6.4,7,J-G36,0C1C,R B L U' L' B' R',Rebel
,5.6,7,J-G37,0D1C,R U B U2 B' U R',RFU Rubber
,5.2,7,J-G38,1C1V,R U R' U F' U2 F,RFU
,4.56,7,J-G39,0B1V,R U R' U' R U R',RU Sexy2
,5.2,7,J-G40,1C1V,R U R' U2 F' U F,RFU
,5.6,7,J-G41,0D2C,R U' B U B' U2 R',RFU
,5.6,7,J-G42,1B2C,R U' B U' B' U2 R',RFU
,5.84,7,J-G43,0C2C,R U' B U2 B' U2 R',RFU
,5.2,7,J-G44,1J0C,R U' R B' R' B R',
,4.96,7,J-G45,1J0C,R U' R' U F' U F,RFU
,4.56,7,J-G46,0B2V,R U' R' U R U' R',RU Anti-Sexy2
,4.56,7,J-G47,0A2C,R U' R' U' R U' R',RU
,5.2,7,J-G48,1B2C,R U' R' U2 F' U' F,RFU
,4.8,7,J-G49,0D0C,R U' R' U2 R U R',RU
,5.04,7,J-G50,0B2V,R U' R' U2 R U2 R',RU
,5.76,7,J-G51,0C1C,R U2 B U B' U R',RFU
,5.6,7,J-G52,1C1V,R U2 R B' R' B R',RFU
,5.36,7,J-G53,1C1V,R U2 R' U F' U F,RFU
,5.6,7,J-G54,1J0C,R U2 R' U F' U2 F,RFU
,5.2,7,J-G55,0A2C,R U2 R' U R U2 R',RU
,5.36,7,J-G56,1C2C,R U2 R' U' F' U' F,RFU
,4.96,7,J-G57,0B0C,R U2 R' U' R U R',RU Split
,5.6,7,J-G58,1J0C,R U2 R' U2 F' U F,RFU
,5.78,7,J-G59,0B1C,R' F R2 U R' U' F',RFU
,7.0,7,J-G60,1C0V,R' U2 B' R B U2 R,RFU Shortest-Left-Edge
,7.0,7,J-G61,0B0V,R' U2 B' R' B U2 R,RFU Shortest-Edge
,5.56,7,J-G62,0C2C,R' U2 R2 U R2 U R,RU Brunette
,7.42,7,J-G63,1B2C,R2 B' D B' D' B2 R2,
,6.2,7,J-G64,0J0C,R2 U R2 U R2 U2 R2,RU
,6.08,7,J-G65,0B1C,U F' L' U2 L U F,RFU
,6.08,7,J-G66,1C1V,U F' L' U2 L U' F,RFU
,5.28,7,J-G67,0B1C,U F' U F R U' R',RFU
,5.6,7,J-G68,1C2V,U F' U L' U2 L F,RFU
,5.36,7,J-G69,0B1C,U F' U' L' U' L F,RFU
,5.68,7,J-G70,0D0C,U R B U B' U R',RFU
,5.78,7,J-G71,0A0C,U R U B' R B R2,RFU
,5.68,7,J-G72,1C2C,U R U R' F' U2 F,RFU
,5.84,7,J-G73,0J2C,U R U2 B U2 B' R',RFU
,5.52,7,J-G74,1J0C,U R U2 R' F' U' F,RFU
,5.62,7,J-G75,0A0C,U R U2 R2 F R F',RFU
,5.7,7,J-G76,0B1C,U R' F R F2 U F,RFU
,5.7,7,J-G77,1C2V,U R' F R F2 U' F,RFU
,6.3,7,J-G78,0B1C,U R2 B' R' B U' R',RFU
,5.7,7,J-G79,0B1V,U' F R' F' R2 U R',RFU
,5.7,7,J-G80,1C2C,U' F R' F' R2 U' R',RFU
,5.68,7,J-G81,1A0C,U' F' L' U' L U' F,RFU
,5.68,7,J-G82,0B1C,U' F' U' F R U2 R',RFU
,5.78,7,J-G83,1D0C,U' F' U' L F' L' F2,RFU
,5.52,7,J-G84,1J0C,U' F' U2 F R U R',RFU
,5.62,7,J-G85,1D0C,U' F' U2 F2 R' F' R,RFU
,5.84,7,J-G86,0J1C,U' F' U2 L' U2 L F,RFU
,6.3,7,J-G87,1C2C,U' F2 L F L' U F,RFU
,6.08,7,J-G88,0B2V,U' R B U2 B' U R',RFU
,6.08,7,J-G89,1C2C,U' R B U2 B' U' R',RFU
,5.36,7,J-G90,1C2C,U' R U B U B' R',RFU
,5.6,7,J-G91,0B1V,U' R U' B U2 B' R',RFU
,5.28,7,J-G92,1C2C,U' R U' R' F' U F,RFU
,5.88,7,J-G93,1D1C,U2 B' F' U F U' B,RUL
,6.32,7,J-G94,1D2C,U2 F' L' U' L U2 F,RFU
,5.68,7,J-G95,0B1V,U2 F' U F R U R',RFU
,5.76,7,J-G96,1C2C,U2 F' U L' U L F,RFU
,7.1,7,J-G97,1C2V,U2 F2 L F L' U2 F,RFU
,5.88,7,J-G98,0A2C,U2 L R U' R' U L',RUL
,6.32,7,J-G99,0A1C,U2 R B U B' U2 R',RFU
,5.76,7,J-G100,0B1C,U2 R U' B U' B' R',RFU
,5.68,7,J-G101,1C2V,U2 R U' R' F' U' F,RFU
,7.1,7,J-G102,0B1V,U2 R2 B' R' B U2 R',RFU
,6.88,8,J-H1,0A1C,B L F' U' F U L' B',
,6.48,8,J-H2,0A1C,B' F' U' R' U R B F,
,6.08,8,J-H3,1C0V,F R F' U' F' U F R',RFU
,6.72,8,J-H4,1C2C,F R F' U2 F' U2 F R',RFU
,5.6,8,J-H5,0B1V,F R' F' R F R' F' R,RFU
,6.08,8,J-H6,0B1V,F R' F' R U' F' U F,RFU
,6.72,8,J-H7,0B1V,F R' F' R U2 F' U2 F,RFU
,6.08,8,J-H8,1C2C,F R' F' U' F' U F R,RFU
,6.4,8,J-H9,0B0V,F U F' R F U' F' R',RFU
,6.4,8,J-H10,0A1C,F U F' R' F R U' F',RFU
,6.4,8,J-H11,1C2C,F U R' F' R F U' F',RFU
,6.86,8,J-H12,1C2C,F U R' U' F2 U F R,RFU
,7.2,8,J-H13,1J2V,F' L' U2 L F R U R',
,6.48,8,J-H14,1C0V,F' R' F U' F' U R F,RFU
,7.2,8,J-H15,1J2V,F' U F R B U2 B' R',
,5.92,8,J-H16,1D1C,F' U F U2 F R' F' R,RFU
,6.32,8,J-H17,1J0C,F' U F U2 R' F R F',RFU
,6.46,8,J-H18,1J1V,F' U F' U' L' U L F2,RFU Left-Hermit
,7.0,8,J-H19,1J0C,F' U F2 R' F' R2 U2 R',RFU
,6.08,8,J-H20,0B2V,F' U' F U R' F R F',RFU
,6.58,8,J-H21,1D1C,F' U' F2 R U R' U' F',RFU
,6.6,8,J-H22,0B2C,F' U' F2 R' F' R2 U R',RFU
,6.26,8,J-H23,1D1C,F' U' F2 U R U' R' F',RFU
,8.0,8,J-H24,1C0C,F' U2 B L F' L' B' F2,
,6.08,8,J-H25,1D1C,F' U2 F U F R' F' R,RFU
,6.48,8,J-H26,1J0C,F' U2 F U R' F R F',RFU
,6.72,8,J-H27,0B2V,F' U2 F U2 R' F R F',RFU
,7.0,8,J-H28,1D1C,F' U2 F2 R' F' R2 U' R',RFU
,7.4,8,J-H29,0B2V,F' U2 F2 R' F' R2 U2 R',RFU
,7.08,8,J-H30,1J1V,F' U2 L' U' L2 F' L' F2,RFU
,6.7,8,J-H31,1J0C,F2 L F L' F R U' R',
,7.12,8,J-H32,1J2V,F2 L F L2 U L U2 F,RFU
,6.46,8,J-H33,1J2V,F2 L' U' L U F U' F,RFU Hermit
,6.48,8,J-H34,1D2C,L R U F U' F' L' R',
,6.88,8,J-H35,1D2C,L' B' R U R' U' B L,
,7.2,8,J-H36,1J1V,R B U2 B' R' F' U' F,
,6.48,8,J-H37,0B0V,R F R' U R U' F' R',RFU
,7.6,8,J-H38,0B1V,R U L' B' R B L R2,
,6.08,8,J-H39,1C1V,R U R' U' F R' F' R,RFU
,6.6,8,J-H40,1C1C,R U R2 F R F2 U' F,RFU
,6.58,8,J-H41,0A2C,R U R2 F' U' F U R,RFU
,6.26,8,J-H42,0A2C,R U R2 U' F' U F R,RFU
,6.46,8,J-H43,1J2V,R U' R U B U' B' R2,RFU Hermit
,7.2,8,J-H44,1J1V,R U' R' F' L' U2 L F,
,6.32,8,J-H45,1J0C,R U' R' U2 F R' F' R,RFU
,5.92,8,J-H46,0A2C,R U' R' U2 R' F R F',RFU
,7.0,8,J-H47,1J0C,R U' R2 F R F2 U2 F,RFU
,7.08,8,J-H48,1J2V,R U2 B U B2 R B R2,RFU
,8.0,8,J-H49,0B0C,R U2 L' B' R B L R2,
,6.48,8,J-H50,1J0C,R U2 R' U' F R' F' R,RFU
,6.08,8,J-H51,0A2C,R U2 R' U' R' F R F',RFU
,6.72,8,J-H52,1C1V,R U2 R' U2 F R' F' R,RFU
,7.0,8,J-H53,0A2C,R U2 R2 F R F2 U F,RFU
,7.4,8,J-H54,1C1V,R U2 R2 F R F2 U2 F,RFU
,5.6,8,J-H55,1C2V,R' F R F' R' F R F',RFU
,6.08,8,J-H56,1C2V,R' F R F' U R U' R',RFU
,6.72,8,J-H57,1C2V,R' F R F' U2 R U2 R',RFU
,6.08,8,J-H58,0B1C,R' F R U R U' R' F',RFU
,6.08,8,J-H59,0B0V,R' F' R U R U' R' F,RFU
,6.72,8,J-H60,0B1C,R' F' R U2 R U2 R' F,RFU
,6.4,8,J-H61,0B1C,R' U' F R F' R' U R,RFU
,6.86,8,J-H62,0B1C,R' U' F U R2 U' R' F',RFU
,6.4,8,J-H63,1D2C,R' U' R F R' F' U R,RFU
,6.4,8,J-H64,1C0V,R' U' R F' R' U R F,RFU
,6.46,8,J-H65,1J1V,R2 B U B' U' R' U R',RFU Left-Hermit
,6.7,8,J-H66,1J0C,R2 B' R' B R' F' U F,
,7.12,8,J-H67,1J1V,R2 B' R' B2 U' B' U2 R',RFU
,7.32,8,J-H68,0B1C,U B' F D R' D' B F',
,6.4,8,J-H69,0B1C,U B' R B U' B' R' B,RFU
,6.6,8,J-H70,0A1C,U B' R F R' F' R' B,
,7.8,8,J-H71,0B1C,U F D B' R' B D' F',
,6.0,8,J-H72,1J0C,U F R' F' R F' U F,
,6.0,8,J-H73,1C0V,U F R' F' R F' U' F,RFU
,6.0,8,J-H74,1J2C,U F' L F' L' F U' F,RFU
,7.2,8,J-H75,0B1C,U F' L' B' U' B L F,
,5.68,8,J-H76,0B1C,U F' U F U R U2 R',RFU
,5.04,8,J-H77,1C1C,U F' U F U' F' U' F,RU Left-Soldier
,5.44,8,J-H78,0D2C,U F' U F U' R U R',RFU
,5.28,8,J-H79,0J2C,U F' U F U2 F' U F,RU
,5.84,8,J-H80,1C2V,U F' U L' U L U F,RFU
,5.28,8,J-H81,1D2C,U F' U' F U F' U2 F,RU
,5.68,8,J-H82,0B1C,U F' U' F U R U2 R',RFU
,5.04,8,J-H83,1A1C,U F' U' F U' F' U' F,RU
,5.44,8,J-H84,1J2C,U F' U' F U' R U R',RFU
,5.28,8,J-H85,1D2C,U F' U' F U2 F' U F,RU
,6.48,8,J-H86,1C2V,U F' U2 B' U F U' B,RUL
,5.52,8,J-H87,1A2C,U F' U2 F U F' U2 F,RU
,5.28,8,J-H88,0J1C,U F' U2 F U' F' U' F,
,5.68,8,J-H89,0C2C,U F' U2 F U' R U R',RFU
,5.52,8,J-H90,1A2C,U F' U2 F U2 F' U F,RU
,5.52,8,J-H91,1C2V,U F' U2 F U2 F' U' F,RU
,5.92,8,J-H92,0B0V,U F' U2 F U2 R U R',RFU
,6.32,8,J-H93,0B0V,U F' U2 L' U L U2 F,RFU
,6.32,8,J-H94,1C0V,U F' U2 L' U' L U2 F,RFU
,8.8,8,J-H95,0B1C,U F2 D' B L' B' D F2,
,7.0,8,J-H96,1D1C,U L' R2 B' R' B L R',
,6.24,8,J-H97,0J2C,U R U L U' R' U L',RUL
,5.44,8,J-H98,1C2C,U R U R' U F' U F,RFU
,5.44,8,J-H99,1C0V,U R U R' U' F' U' F,RFU Fastest-Left-Edge
,5.04,8,J-H100,0B1C,U R U R' U' R U' R',RU
,5.68,8,J-H101,1A1C,U R U R' U2 F' U' F,RFU
,5.28,8,J-H102,0J2C,U R U R' U2 R U R',RU
,5.84,8,J-H103,0B1C,U R U' B U B' U' R',RFU
,6.08,8,J-H104,0J0C,U R U' B U2 B' U R',
,5.68,8,J-H105,1C0V,U R U' R' F R' F' R,RFU
,5.44,8,J-H106,1C0V,U R U' R' U' F' U F,RFU Fastest-Left-Edge
,5.92,8,J-H107,1C0V,U R U' R' U2 F' U2 F,RFU
,5.92,8,J-H108,1D1C,U R U2 R' F R' F' R,RFU
,5.28,8,J-H109,0A0C,U R U2 R' U R U' R',RU Side
,5.68,8,J-H110,1D1C,U R U2 R' U' F' U F,RFU
,6.16,8,J-H111,1D1C,U R U2 R' U2 F' U2 F,RFU
,5.76,8,J-H112,0A0C,U R U2 R' U2 R U2 R',RU
,7.8,8,J-H113,1C2C,U R' D' L F' L' D R,
,6.8,8,J-H114,0J2C,U R' D' R U' R' D R,
,8.32,8,J-H115,0A1C,U R2 U2 F R' F' U2 R2,RFU
,7.0,8,J-H116,0A2C,U' B F2 L F L' B' F,
,7.8,8,J-H117,0B1C,U' F D B' R B D' F',
,6.8,8,J-H118,0J1C,U' F D F' U F D' F',
,5.68,8,J-H119,0B0V,U' F' U F R' F R F',RFU
,5.44,8,J-H120,0B0V,U' F' U F U R U' R',RFU Fastest-Edge
,5.92,8,J-H121,0B0V,U' F' U F U2 R U2 R',RFU
,5.84,8,J-H122,1C2C,U' F' U L' U' L U F,RFU
,6.08,8,J-H123,0J0C,U' F' U L' U2 L U' F,
,6.24,8,J-H124,0J1C,U' F' U' B' U F U' B,RUL
,5.04,8,J-H125,1C2C,U' F' U' F U F' U F,RU
,5.44,8,J-H126,0B0V,U' F' U' F U R U R',RFU Fastest-Edge
,5.44,8,J-H127,0B1C,U' F' U' F U' R U' R',RFU
,5.28,8,J-H128,0J1C,U' F' U' F U2 F' U' F,RU
,5.68,8,J-H129,0D2C,U' F' U' F U2 R U R',RFU
,5.92,8,J-H130,0A2C,U' F' U2 F R' F R F',RFU
,5.68,8,J-H131,0A2C,U' F' U2 F U R U' R',RFU
,5.28,8,J-H132,1D0C,U' F' U2 F U' F' U F,RU Left-Side
,5.76,8,J-H133,1D0C,U' F' U2 F U2 F' U2 F,RU
,6.16,8,J-H134,0A2C,U' F' U2 F U2 R U2 R',RFU
,8.32,8,J-H135,1D2C,U' F2 U2 R' F R U2 F2,RFU
,6.4,8,J-H136,1C2C,U' L F' L' U L F L',RFU
,6.6,8,J-H137,1D2C,U' L F' R' F R F L',
,7.32,8,J-H138,1C2C,U' L R' D' F D L' R,
,7.2,8,J-H139,1C2C,U' R B L U L' B' R',
,6.0,8,J-H140,1J1C,U' R B' R B R' U R',RFU
,5.44,8,J-H141,1J1C,U' R U R' U F' U' F,RFU
,5.04,8,J-H142,0D2C,U' R U R' U R U R',RU
,5.68,8,J-H143,1C2C,U' R U R' U' F' U2 F,RFU
,5.28,8,J-H144,0A1C,U' R U R' U' R U2 R',RU
,5.28,8,J-H145,0A1C,U' R U R' U2 R U' R',RU
,5.84,8,J-H146,0B1V,U' R U' B U' B' U' R',RFU
,5.44,8,J-H147,1A1C,U' R U' R' U F' U' F,RFU
,5.04,8,J-H148,0B2C,U' R U' R' U R U R',RU Soldier
,5.68,8,J-H149,1C2C,U' R U' R' U' F' U2 F,RFU
,5.28,8,J-H150,0J1C,U' R U' R' U2 R U' R',RU
,6.32,8,J-H151,0B0V,U' R U2 B U B' U2 R',RFU
,6.32,8,J-H152,1C0V,U' R U2 B U' B' U2 R',RFU
,6.48,8,J-H153,0B1V,U' R U2 L U' R' U L',RUL
,5.68,8,J-H154,1B1C,U' R U2 R' U F' U' F,RFU
,5.28,8,J-H155,0J2C,U' R U2 R' U R U R',
,5.52,8,J-H156,0D1C,U' R U2 R' U' R U2 R',RU
,5.92,8,J-H157,1C0V,U' R U2 R' U2 F' U' F,RFU
,5.52,8,J-H158,0B1V,U' R U2 R' U2 R U R',RU
,5.52,8,J-H159,0D1C,U' R U2 R' U2 R U' R',RU
,7.8,8,J-H160,1C2C,U' R' D' L F L' D R,
,6.0,8,J-H161,0B0V,U' R' F R F' R U R',RFU
,6.0,8,J-H162,1J0C,U' R' F R F' R U' R',
,8.8,8,J-H163,1C2C,U' R2 D L' B L D' R2,
,8.1,8,J-H164,1C2C,U2 B L F2 L F2 L2 B',
,6.8,8,J-H165,1C2C,U2 F R' F' R F' U2 F,
,6.8,8,J-H166,1C1V,U2 F' L F' L' F U2 F,
,5.44,8,J-H167,1A1C,U2 F' U F U F' U' F,RU
,5.84,8,J-H168,1J2C,U2 F' U F U R U R',RFU
,5.68,8,J-H169,1C2C,U2 F' U F U' F' U2 F,RU
,6.24,8,J-H170,0J0C,U2 F' U L' U' L U' F,
,6.08,8,J-H171,1J2C,U2 F' U' F R' F R F',RFU
,5.84,8,J-H172,1J2C,U2 F' U' F U R U' R',RFU
,5.44,8,J-H173,1A0C,U2 F' U' F U' F' U F,RU
,6.32,8,J-H174,1J2C,U2 F' U' F U2 R U2 R',RFU
,6.96,8,J-H175,1C0V,U2 F' U2 L' U2 L U2 F,RFU
,8.3,8,J-H176,0B1C,U2 F2 L' B L' B' L2 F2,
,6.48,8,J-H177,1C1C,U2 F2 U' F U' F' U2 F2,RU
,6.48,8,J-H178,1B0C,U2 F2 U2 F U F' U F2,RU Left-Weird
,7.08,8,J-H179,0J0C,U2 F2 U2 F2 U F2 U F2,
,6.8,8,J-H180,0A2C,U2 L F' L' U' L F L',RFU
,8.1,8,J-H181,0B1C,U2 L' B' R2 B' R2 B2 L,
,6.8,8,J-H182,0B2V,U2 R B' R B R' U2 R',
,6.08,8,J-H183,1J1C,U2 R U R' F R' F' R,RFU
,5.44,8,J-H184,0D0C,U2 R U R' U R U' R',RU
,5.84,8,J-H185,1J1C,U2 R U R' U' F' U F,RFU
,6.32,8,J-H186,1J1C,U2 R U R' U2 F' U2 F,RFU
,6.24,8,J-H187,0J0C,U2 R U' B U B' U R',
,5.68,8,J-H188,0B1C,U2 R U' R' U R U2 R',RU
,5.84,8,J-H189,1J1C,U2 R U' R' U' F' U' F,RFU
,5.44,8,J-H190,0D2C,U2 R U' R' U' R U R',RU
,6.96,8,J-H191,0B0V,U2 R U2 B U2 B' U2 R',RFU
,6.8,8,J-H192,0B1C,U2 R' F R F' R U2 R',RFU
,8.3,8,J-H193,1C2C,U2 R2 B L' B L B2 R2,
,6.48,8,J-H194,0B2C,U2 R2 U R' U R U2 R2,RU
,6.48,8,J-H195,0C0C,U2 R2 U2 R' U' R U' R2,RU Weird
,7.08,8,J-H196,0J0C,U2 R2 U2 R2 U' R2 U' R2,
,7.6,9,J-I1,1B2C,B F' L' B' U B L B' F,
,7.0,9,J-I2,1C2C,B F' L' F' L F L B' F,
,8.4,9,J-I3,1A2C,B' F R B F' U2 B' R B,
,8.0,9,J-I4,0B1C,B' R' B U2 B' F R' B F',
,6.8,9,J-I5,1J0C,F R F' U' F' U F U2 R',
,7.28,9,J-I6,1A1C,F R U R' U' F' R U' R',RFU
,7.3,9,J-I7,1A1C,F R' F' R2 U' R' F' U' F,
,7.4,9,J-I8,0J1C,F R' F' R2 U' R2 F R F',
,8.1,9,J-I9,0B0C,F R' F' R2 U2 R' F' U2 F,
,6.8,9,J-I10,1C2C,F R' F' U' R U' R' U2 R,RFU
,6.96,9,J-I11,1C2C,F R' F' U2 R U R' U R,RFU
,7.7,9,J-I12,1C2C,F R' F2 L F R F' L' F,
,7.7,9,J-I13,1C2C,F R' F2 L' F R F' L F,
,7.7,9,J-I14,1C2C,F R' F2 R B' R' F R B,
,6.98,9,J-I15,0J2C,F R' F2 R U R U' R' F,
,8.48,9,J-I16,0A0C,F R2 F' U R' U' F R2 F',
,5.64,9,J-I17,1C0V,F U F U F U' F' U' F',RU Fast-Left-Edge
,7.12,9,J-I18,0D2C,F U F' R F U' F' U2 R',
,7.52,9,J-I19,0C2C,F U F' R U F U2 F' R',
,7.3,9,J-I20,0A1C,F U F' R' F R2 U' R' F',
,6.9,9,J-I21,0A1C,F U F' R' F2 R F' U' F',
,6.42,9,J-I22,1B0C,F U F' U F U2 F2 U2 F,
,7.5,9,J-I23,1B0C,F U F2 R' F2 R F2 U' F',
,7.4,9,J-I24,1C1V,F U F2 U F2 U2 R' F' R,
,6.88,9,J-I25,1B0C,F U R U' R' F' R U' R',RFU
,7.48,9,J-I26,1C1V,F U R U' R2 F' R2 U R',
,7.52,9,J-I27,1C2C,F U R' F' R U F U2 F',
,7.7,9,J-I28,0B2C,F U R' F' R2 F U' F' R',
,6.88,9,J-I29,1C2C,F U R' U' R' F' R U R,
,7.68,9,J-I30,1C2C,F U R2 U' R F' R' U R2,
,7.68,9,J-I31,0B0V,F U' F' U' R F U2 F' R',
,7.18,9,J-I32,0B0V,F U' F2 U F R' F2 R F2,
,8.6,9,J-I33,1C2C,F U2 B' R' F R' F2 R2 B,
,6.58,9,J-I34,1A0C,F U2 F U' F2 U F' U2 F',
,6.58,9,J-I35,1C2C,F U2 F' U' F U' F2 U2 F,
,6.58,9,J-I36,1C2C,F U2 F' U' F' U F2 U2 F',
,6.58,9,J-I37,1B1C,F U2 F2 U' F U F U2 F',
,7.88,9,J-I38,1B1C,F U2 F2 U' F2 R U' R' F',
,7.6,9,J-I39,1B2C,F' B L' B' U B L F B',
,8.2,9,J-I40,0J1V,F' R B' R B R2 F' U2 F2,
,6.96,9,J-I41,1B0C,F' R' F U' F' U R U F,
,6.98,9,J-I42,0J0C,F' R' F U' F2 U F R F,
,7.2,9,J-I43,1A1C,F' R' F' U' F U R U2 F,RFU
,7.82,9,J-I44,0J0C,F' R' F2 R F' U2 F2 U2 F2,
,7.28,9,J-I45,0B1C,F' R' F2 U' F' U F2 R F,
,7.36,9,J-I46,1C0V,F' R' U F U F' U' R F,
,7.68,9,J-I47,1B2C,F' R' U' F U F' R U F,
,7.68,9,J-I48,1J1V,F' R' U' F' U F R U F,RFU
,8.08,9,J-I49,1A0C,F' R' U' F' U F R U2 F,
,7.2,9,J-I50,1C2C,F' U F R U R' F' U' F,RFU
,7.3,9,J-I51,0A2C,F' U F R U R2 F R F',
,7.6,9,J-I52,0B2V,F' U F R U' R' F' U2 F,
,7.3,9,J-I53,1D1C,F' U F R' F R F2 U2 F,
,8.28,9,J-I54,0J1V,F' U F R2 B U B' U' R2,
,6.18,9,J-I55,1D0C,F' U F' U' F U' F' U2 F2,
,6.18,9,J-I56,0J2C,F' U F' U2 F U F' U F2,
,6.78,9,J-I57,1B2C,F' U F' U2 F2 U F2 U F2,RU
,8.42,9,J-I58,1D2C,F' U F' U2 R' F' R U2 F2,
,8.92,9,J-I59,1J0V,F' U F' U2 R' F2 R U2 F2,
,7.3,9,J-I60,1D1C,F' U F2 R' F' R F' U2 F,
,7.48,9,J-I61,1C1V,F' U F2 R' F2 U' F U R,
,6.78,9,J-I62,1D1C,F' U F2 U F2 U F2 U2 F',
,7.14,9,J-I63,1C1V,F' U F2 U R' U' F' U R,
,7.04,9,J-I64,1J0C,F' U R U2 R' U2 R' F R,
,7.48,9,J-I65,1D1C,F' U' B F L U L' U' B',
,7.48,9,J-I66,1D1C,F' U' B F U L U' L' B',
,7.2,9,J-I67,1B0C,F' U' F R U' R' F' U' F,
,7.3,9,J-I68,1J0C,F' U' F R U' R2 F R F',
,8.0,9,J-I69,1C2C,F' U' F R U2 R' F' U2 F,
,6.9,9,J-I70,1A0C,F' U' F R' F R F2 U' F,
,6.88,9,J-I71,1D1C,F' U' F R' F' U' F U R,
,7.28,9,J-I72,1D1C,F' U' F R' U' F' U F R,
,8.42,9,J-I73,1C0V,F' U' F' U2 R' F R U2 F2,
,6.9,9,J-I74,1A1C,F' U' F2 R' F' R F' U' F,
,6.18,9,J-I75,1D1C,F' U' F2 U F' U F U2 F',
,6.18,9,J-I76,1D1C,F' U' F2 U2 F' U' F U' F',
,6.56,9,J-I77,0B1C,F' U' R U R' U' R' F R,
,7.68,9,J-I78,1C1C,F' U' R' F U' F' U R F,
,7.68,9,J-I79,1J2V,F' U' R' F' U' F U R F,RFU
,6.96,9,J-I80,1A1C,F' U' R' U' F U F' R F,
,6.88,9,J-I81,1A1C,F' U' R' U' R F R' U R,
,9.12,9,J-I82,0B1C,F' U2 B F' D' L D B' F2,
,8.0,9,J-I83,0B1C,F' U2 B F' L F L' B' F,
,7.68,9,J-I84,1C1V,F' U2 B' F U F' U' B F,RUL
,7.6,9,J-I85,1D1C,F' U2 F R U R' F' U F,
,7.6,9,J-I86,1C1V,F' U2 F R U R' F' U' F,
,7.6,9,J-I87,1D1C,F' U2 F R U' R' F' U F,
,8.0,9,J-I88,1D1C,F' U2 F R U2 R' F' U F,
,8.6,9,J-I89,0J1V,F' U2 F' L2 B L B' L F2,
,6.58,9,J-I90,0J2V,F' U2 F' U' F U' F' U2 F2,RU
,8.82,9,J-I91,1C1C,F' U2 F' U2 R' F R U2 F2,
,8.82,9,J-I92,0J1V,F' U2 F' U2 R' F' R U2 F2,RFU
,7.44,9,J-I93,0B2V,F' U2 R U2 R' U2 R' F R,
,8.08,9,J-I94,0D0C,F' U2 R' F' U' F U R F,
,7.36,9,J-I95,1B1C,F' U2 R' U' F' U F R F,
,7.18,9,J-I96,0B1C,F2 L F L' F U' R U R',
,8.4,9,J-I97,0J2V,F2 L' B L' B' L2 F U2 F,
,9.0,9,J-I98,1C0V,F2 R U' R2 F R2 U R' F2,
,9.5,9,J-I99,0B0V,F2 R U' R2 F2 R2 U R' F2,
,8.78,9,J-I100,1D1C,F2 R2 F U' F U F2 R2 F2,
,9.2,9,J-I101,0A2C,F2 R2 F2 R U R' F2 R2 F2,
,8.78,9,J-I102,1C2C,F2 R2 F2 U' F' U F' R2 F2,
,9.42,9,J-I103,1C2C,F2 R2 F2 U2 F' U2 F' R2 F2,
,10.4,9,J-I104,0J0C,F2 R2 U' F2 U' F2 U2 R2 F2,
,10.5,9,J-I105,0D1C,F2 R2 U2 R' F2 R U2 R2 F2,
,7.68,9,J-I106,1C2C,F2 U F' R' F U' F2 U R,
,8.0,9,J-I107,1A1C,F2 U' F R U' R' F' U F2,
,6.78,9,J-I108,0B0V,F2 U' F U F R' F' R F,
,6.38,9,J-I109,1B0C,F2 U' F U' F' U2 F U F,
,6.44,9,J-I110,1D1C,F2 U' F' U' F' U F U F2,
,8.8,9,J-I111,0B0V,F2 U' F2 R U R' F2 U F2,
,6.74,9,J-I112,1C0V,F2 U' F2 U' F' U F' U F2,RU
,8.28,9,J-I113,0J1V,F2 U' L' U L F2 R U R',
,8.5,9,J-I114,1A1C,F2 U2 F R' F R F2 U2 F2,
,8.6,9,J-I115,0J2V,F2 U2 F R2 B' R' B R' F,
,6.54,9,J-I116,1B1C,F2 U2 F U F' U F U F,
,6.78,9,J-I117,0J1V,F2 U2 F U F' U F U2 F,RU
,7.08,9,J-I118,1A0C,F2 U2 F' U F' U' F U2 F2,
,8.5,9,J-I119,0D0C,F2 U2 F2 R' F' R F' U2 F2,
,8.58,9,J-I120,1B1C,F2 U2 R' F R U2 F U F,
,8.82,9,J-I121,0J2V,F2 U2 R' F R U2 F U2 F,RFU
,8.82,9,J-I122,0D0C,F2 U2 R' F' R U2 F U2 F,
,9.08,9,J-I123,1J0V,F2 U2 R' F2 R U2 F U' F,RFU
,8.0,9,J-I124,1C2C,L F L' U2 L R' F L' R,
,8.4,9,J-I125,0D1C,L R' F' L' R U2 L F' L',
,7.6,9,J-I126,0C1C,L' R B L U' L' B' L R',
,7.0,9,J-I127,0B1C,L' R B R B' R' B' L R',
,7.2,9,J-I128,0D2C,R F R U R' U' F' U2 R',RFU
,6.96,9,J-I129,0C0C,R F R' U R U' F' U' R',
,6.98,9,J-I130,0J0C,R F R' U R2 U' R' F' R',
,7.82,9,J-I131,0J0C,R F R2 F' R U2 R2 U2 R2,
,7.28,9,J-I132,1C2C,R F R2 U R U' R2 F' R',
,7.68,9,J-I133,1J2V,R F U R U' R' F' U' R',RFU
,8.08,9,J-I134,0D0C,R F U R U' R' F' U2 R',
,7.68,9,J-I135,0C1C,R F U R' U' R F' U' R',
,7.36,9,J-I136,0B0V,R F U' R' U' R U F' R',
,8.2,9,J-I137,0J2V,R F' L F' L' F2 R U2 R2,
,7.6,9,J-I138,0C1C,R L' B L U' L' B' R' L,
,7.68,9,J-I139,1J1V,R U F R U R' U' F' R',RFU
,7.68,9,J-I140,0B2C,R U F R' U R U' F' R',
,6.88,9,J-I141,0D2C,R U F U F' R' F U' F',
,6.96,9,J-I142,0D2C,R U F U R' U' R F' R',
,6.56,9,J-I143,1C2C,R U F' U' F U F R' F',
,7.48,9,J-I144,0A2C,R U L' R' B' U' B U L,
,7.48,9,J-I145,0A2C,R U L' R' U' B' U B L,
,8.42,9,J-I146,0B0V,R U R U2 F R' F' U2 R2,
,6.88,9,J-I147,0A2C,R U R' F R U R' U' F',
,6.9,9,J-I148,0D0C,R U R' F R' F' R2 U R',
,7.28,9,J-I149,0A2C,R U R' F U R U' R' F',
,7.2,9,J-I150,0C0C,R U R' F' U F R U R',
,7.3,9,J-I151,1J0C,R U R' F' U F2 R' F' R,
,8.0,9,J-I152,0B1C,R U R' F' U2 F R U2 R',
,6.9,9,J-I153,0D2C,R U R2 F R F' R U R',
,6.18,9,J-I154,0A2C,R U R2 U' R U' R' U2 R,
,6.18,9,J-I155,0A2C,R U R2 U2 R U R' U R,
,7.04,9,J-I156,1J0C,R U' F' U2 F U2 F R' F',
,6.18,9,J-I157,0A0C,R U' R U R' U R U2 R2,
,8.42,9,J-I158,0A1C,R U' R U2 F R F' U2 R2,
,8.92,9,J-I159,1J0V,R U' R U2 F R2 F' U2 R2,
,6.18,9,J-I160,0J1C,R U' R U2 R' U' R U' R2,
,6.78,9,J-I161,0C1C,R U' R U2 R2 U' R2 U' R2,RU
,7.3,9,J-I162,0A2C,R U' R' F R' F' R2 U2 R',
,7.6,9,J-I163,1C1V,R U' R' F' U F R U2 R',
,7.2,9,J-I164,0B1C,R U' R' F' U' F R U R',RFU
,7.3,9,J-I165,1D1C,R U' R' F' U' F2 R' F' R,
,8.28,9,J-I166,0J2V,R U' R' F2 L' U' L U F2,
,7.3,9,J-I167,0A2C,R U' R2 F R F' R U2 R',
,7.48,9,J-I168,0B2V,R U' R2 F R2 U R' U' F',
,7.14,9,J-I169,0B2V,R U' R2 U' F U R U' F',
,6.78,9,J-I170,0A2C,R U' R2 U' R2 U' R2 U2 R,
,8.08,9,J-I171,1A0C,R U2 F R U R' U' F' R',
,7.36,9,J-I172,0C2C,R U2 F U R U' R' F' R',
,7.44,9,J-I173,1C1V,R U2 F' U2 F U2 F R' F',
,7.68,9,J-I174,0B2V,R U2 L R' U' R U L' R',RUL
,8.0,9,J-I175,1C2C,R U2 L' R B' R' B L R',
,9.12,9,J-I176,1C2C,R U2 L' R D B' D' L R2,
,8.6,9,J-I177,0J2V,R U2 R B2 L' B' L B' R2,
,6.58,9,J-I178,0J1V,R U2 R U R' U R U2 R2,RU
,8.82,9,J-I179,0J2V,R U2 R U2 F R F' U2 R2,RFU
,8.82,9,J-I180,0B2C,R U2 R U2 F R' F' U2 R2,
,7.6,9,J-I181,0A2C,R U2 R' F' U F R U' R',
,7.6,9,J-I182,0B2V,R U2 R' F' U' F R U R',
,7.6,9,J-I183,0A2C,R U2 R' F' U' F R U' R',
,8.0,9,J-I184,0A2C,R U2 R' F' U2 F R U' R',
,7.3,9,J-I185,0D2C,R' F R F2 U F R U R',
,7.4,9,J-I186,0J2C,R' F R F2 U F2 R' F' R,
,8.1,9,J-I187,1C0C,R' F R F2 U2 F R U2 R',
,6.8,9,J-I188,0B1C,R' F R U F' U F U2 F',RFU
,6.96,9,J-I189,0B1C,R' F R U2 F' U' F U' F',RFU
,7.7,9,J-I190,0B1C,R' F R2 B R' F' R B' R',
,7.7,9,J-I191,0B1C,R' F R2 B' R' F' R B R',
,7.7,9,J-I192,0B1C,R' F R2 F' L F R' F' L',
,6.98,9,J-I193,0J1C,R' F R2 F' U' F' U F R',
,6.8,9,J-I194,1J0C,R' F' R U R U' R' U2 F,
,7.28,9,J-I195,0D2C,R' F' U' F U R F' U F,RFU
,8.48,9,J-I196,1D0C,R' F2 R U' F U R' F2 R,
,7.68,9,J-I197,1C0V,R' U R U F' R' U2 R F,
,7.18,9,J-I198,1C0V,R' U R2 U' R' F R2 F' R2,
,7.52,9,J-I199,0B1C,R' U' F R F' U' R' U2 R,
,7.7,9,J-I200,1C1C,R' U' F R F2 R' U R F,
,6.88,9,J-I201,0B1C,R' U' F U F R F' U' F',
,6.88,9,J-I202,0C0C,R' U' F' U F R F' U F,RFU
,7.48,9,J-I203,0B2V,R' U' F' U F2 R F2 U' F,
,7.68,9,J-I204,0B1C,R' U' F2 U F' R F U' F2,
,7.3,9,J-I205,1D2C,R' U' R F R' F2 U F R,
,6.9,9,J-I206,1D2C,R' U' R F R2 F' R U R,
,7.12,9,J-I207,1A1C,R' U' R F' R' U R U2 F,
,7.52,9,J-I208,1B1C,R' U' R F' U' R' U2 R F,
,6.42,9,J-I209,0C0C,R' U' R U' R' U2 R2 U2 R',
,5.64,9,J-I210,0B0V,R' U' R' U' R' U R U R,RU Fast-Edge
,7.5,9,J-I211,0C0C,R' U' R2 F R2 F' R2 U R,
,7.4,9,J-I212,0B2V,R' U' R2 U' R2 U2 F R F',
,8.6,9,J-I213,0B1C,R' U2 L F R' F R2 F2 L',
,6.58,9,J-I214,0B1C,R' U2 R U R U' R2 U2 R,
,6.58,9,J-I215,0B1C,R' U2 R U R' U R2 U2 R',
,6.58,9,J-I216,0D0C,R' U2 R' U R2 U' R U2 R,
,6.58,9,J-I217,0C2C,R' U2 R2 U R' U' R' U2 R,
,7.88,9,J-I218,0C2C,R' U2 R2 U R2 F' U F R,
,8.4,9,J-I219,0J1V,R2 B L' B L B2 R' U2 R',
,7.18,9,J-I220,1C2C,R2 B' R' B R' U F' U' F,
,9.0,9,J-I221,0B0V,R2 F' U F2 R' F2 U' F R2,
,9.5,9,J-I222,1C0V,R2 F' U F2 R2 F2 U' F R2,
,8.78,9,J-I223,0A2C,R2 F2 R' U R' U' R2 F2 R2,
,9.2,9,J-I224,1D1C,R2 F2 R2 F' U' F R2 F2 R2,
,8.78,9,J-I225,0B1C,R2 F2 R2 U R U' R F2 R2,
,9.42,9,J-I226,0B1C,R2 F2 R2 U2 R U2 R F2 R2,
,10.4,9,J-I227,0J0C,R2 F2 U R2 U R2 U2 F2 R2,
,10.5,9,J-I228,1A2C,R2 F2 U2 F R2 F' U2 F2 R2,
,8.28,9,J-I229,0J2V,R2 U B U' B' R2 F' U' F,
,6.44,9,J-I230,0A2C,R2 U R U R U' R' U' R2,
,8.0,9,J-I231,0D2C,R2 U R' F' U F R U' R2,
,6.38,9,J-I232,0C0C,R2 U R' U R U2 R' U' R',
,6.78,9,J-I233,1C0V,R2 U R' U' R' F R F' R',
,8.8,9,J-I234,1C0V,R2 U R2 F' U' F R2 U' R2,
,6.74,9,J-I235,0B0V,R2 U R2 U R U' R U' R2,RU
,7.68,9,J-I236,0B1C,R2 U' R F R' U R2 U' F',
,8.82,9,J-I237,1A0C,R2 U2 F R F' U2 R' U2 R',
,8.58,9,J-I238,0C2C,R2 U2 F R' F' U2 R' U' R',
,8.82,9,J-I239,0J1V,R2 U2 F R' F' U2 R' U2 R',RFU
,9.08,9,J-I240,1J0V,R2 U2 F R2 F' U2 R' U R',RFU
,7.08,9,J-I241,0D0C,R2 U2 R U' R U R' U2 R2,
,8.5,9,J-I242,0D2C,R2 U2 R' F R' F' R2 U2 R2,
,8.6,9,J-I243,0J1V,R2 U2 R' F2 L F L' F R',
,6.54,9,J-I244,0C2C,R2 U2 R' U' R U' R' U' R',
,6.78,9,J-I245,0J2V,R2 U2 R' U' R U' R' U2 R',RU
,8.5,9,J-I246,1A0C,R2 U2 R2 F R F' R U2 R2,
,8.82,9,J-I247,0B1C,U B F' F' D' L' D F2 B',
,7.84,9,J-I248,0B0V,U B' D' R U' R' U D B,
,8.4,9,J-I249,1D2C,U B' R' F R B F2 U2 F,
,6.88,9,J-I250,1B0V,U F R F' U' F' U F R',
,7.26,9,J-I251,1C2C,U F R U R' U' F2 U' F,RFU
,6.88,9,J-I252,0D0C,U F R U R' U' R' F' R,RFU
,7.46,9,J-I253,0D0C,U F R U R2 U' F' U R,
,6.88,9,J-I254,0A2C,U F R' F' R U F' U' F,
,6.48,9,J-I255,0C0C,U F R' F' R U R U R',RFU
,7.12,9,J-I256,1J0C,U F R' F' R U' F' U2 F,
,6.72,9,J-I257,0D2C,U F R' F' R U' R U2 R',
,6.88,9,J-I258,0D2C,U F R' F' R U2 R U' R',
,7.26,9,J-I259,1C1C,U F U R U' R' F2 U' F,
,7.6,9,J-I260,1B0C,U F' L' U L F R U R',
,6.88,9,J-I261,0D0V,U F' R U R' U' R' F R,
,7.48,9,J-I262,0B0V,U F' R' U L' U' L R F,
,7.28,9,J-I263,1C0V,U F' R' U' F U F' R F,RFU
,7.2,9,J-I264,1C0V,U F' R' U' R F R' U R,RFU
,6.16,9,J-I265,0J2C,U F' U F U' F R' F' R,
,6.56,9,J-I266,0B1C,U F' U F U' R' F R F',
,6.16,9,J-I267,1D2C,U F' U' F U' F R' F' R,RFU
,6.56,9,J-I268,0B1C,U F' U' F U' R' F R F',
,6.88,9,J-I269,0C2C,U F' U' L F' L' F U' F,RFU
,6.4,9,J-I270,1A2C,U F' U2 F U' F R' F' R,RFU
,6.8,9,J-I271,0B1C,U F' U2 F U' R' F R F',
,8.0,9,J-I272,1A1C,U L F R' F' L' R2 U' R',
,7.9,9,J-I273,1A1C,U L F R' F' R2 L' U' R',
,7.28,9,J-I274,1B2C,U R F R U R' U' F' R',
,7.2,9,J-I275,0D0V,U R F U F' R' F U' F',
,7.28,9,J-I276,0D1C,U R F U R U' R' F' R',
,7.28,9,J-I277,0D0V,U R F U R' U' R F' R',
,6.88,9,J-I278,1C0V,U R F' U' F U F R' F',RFU
,6.8,9,J-I279,1C2C,U R U R' U2 F R' F' R,
,6.4,9,J-I280,0B1C,U R U R' U2 R' F R F',RFU
,7.48,9,J-I281,1C2C,U R U R2 F R F2 U2 F,
,7.08,9,J-I282,1D0C,U R U' R2 F R F2 U' F,
,7.06,9,J-I283,0B1C,U R U' R2 F' U' F U R,RFU
,6.74,9,J-I284,0B1C,U R U' R2 U' F' U F R,RFU
,6.48,9,J-I285,0J0C,U R' F R F' U F' U' F,
,6.88,9,J-I286,0C1C,U R' F R F' U R U R',
,6.72,9,J-I287,0B1C,U R' F R F' U' F' U2 F,
,7.12,9,J-I288,0D0C,U R' F R F' U' R U2 R',
,7.28,9,J-I289,0D0C,U R' F R F' U2 R U' R',
,7.5,9,J-I290,0B1C,U R' F' U' F U R2 U2 R',RFU
,7.66,9,J-I291,1A0C,U R' U' F' U F R2 U2 R',
,8.68,9,J-I292,1C2C,U R2 B L U' L' U B' R2,
,7.36,9,J-I293,1C2C,U R2 U B U' B2 R' B R',RFU
,8.0,9,J-I294,0D2C,U' B' R' F R B F2 U F,
,7.9,9,J-I295,0D2C,U' B' R' F R F2 B U F,
,7.5,9,J-I296,1C2C,U' F R U R' U' F2 U2 F,RFU
,7.12,9,J-I297,1A0C,U' F R' F' R U F' U2 F,
,6.72,9,J-I298,1C2C,U' F R' F' R U R U2 R',
,6.88,9,J-I299,1B2C,U' F R' F' R U' F' U' F,
,6.48,9,J-I300,0J0C,U' F R' F' R U' R U R',
,7.28,9,J-I301,1A0C,U' F R' F' R U2 F' U F,
,7.66,9,J-I302,0D0C,U' F U R U' R' F2 U2 F,
,6.88,9,J-I303,0B0V,U' F' R U R' U' R' F R,RFU
,7.28,9,J-I304,0C1C,U' F' R' F' U' F U R F,
,7.28,9,J-I305,1A0V,U' F' R' U' F U F' R F,
,7.28,9,J-I306,1A2C,U' F' R' U' F' U F R F,
,7.2,9,J-I307,1A0V,U' F' R' U' R F R' U R,
,7.06,9,J-I308,1C2C,U' F' U F2 R U R' U' F',RFU
,7.08,9,J-I309,0A0C,U' F' U F2 R' F' R2 U R',
,6.74,9,J-I310,1C2C,U' F' U F2 U R U' R' F',RFU
,6.4,9,J-I311,1C2C,U' F' U' F U2 F R' F' R,RFU
,6.8,9,J-I312,0B1C,U' F' U' F U2 R' F R F',
,7.48,9,J-I313,0B1C,U' F' U' F2 R' F' R2 U2 R',
,8.68,9,J-I314,0B1C,U' F2 L' B' U B U' L F2,
,7.36,9,J-I315,0B1C,U' F2 U' L' U L2 F L' F,RFU
,7.84,9,J-I316,1C0V,U' L D F' U F U' D' L',
,8.4,9,J-I317,0A1C,U' L F R' F' L' R2 U2 R',
,8.82,9,J-I318,1C2C,U' L' R R D B D' R2 L,
,7.6,9,J-I319,0C0C,U' R B U' B' R' F' U' F,
,7.2,9,J-I320,0B0V,U' R F U F' R' F U' F',RFU
,7.28,9,J-I321,0B0V,U' R F U R' U' R F' R',RFU
,7.48,9,J-I322,1C0V,U' R F U' B U B' F' R',
,6.88,9,J-I323,1A0V,U' R F' U' F U F R' F',
,6.88,9,J-I324,1B1C,U' R U B' R B R' U R',RFU
,6.56,9,J-I325,1C2C,U' R U R' U F R' F' R,
,6.16,9,J-I326,0A1C,U' R U R' U R' F R F',RFU
,6.56,9,J-I327,1C2C,U' R U' R' U F R' F' R,
,6.16,9,J-I328,0J1C,U' R U' R' U R' F R F',
,6.8,9,J-I329,1C2C,U' R U2 R' U F R' F' R,
,6.4,9,J-I330,0D1C,U' R U2 R' U R' F R F',RFU
,6.72,9,J-I331,1A1C,U' R' F R F' U F' U2 F,
,7.12,9,J-I332,1J0C,U' R' F R F' U R U2 R',
,6.48,9,J-I333,1B0C,U' R' F R F' U' F' U' F,RFU
,6.88,9,J-I334,1D1C,U' R' F R F' U' R U R',
,6.88,9,J-I335,1A1C,U' R' F R F' U2 F' U F,
,6.88,9,J-I336,0C0V,U' R' F' R U R U' R' F,
,6.88,9,J-I337,1A0C,U' R' F' U' F U F R F',RFU
,7.26,9,J-I338,0B1C,U' R' F' U' F U R2 U R',RFU
,7.46,9,J-I339,1A0C,U' R' F' U' F2 U R U' F',
,7.26,9,J-I340,0B2C,U' R' U' F' U F R2 U R',
,8.8,9,J-I341,1C2C,U2 B F2 L F L' B' U2 F,
,7.28,9,J-I342,1A0V,U2 F R F' U' F' U F R',
,7.66,9,J-I343,0A1C,U2 F R U R' U' F2 U F,
,6.8,9,J-I344,0D1V,U2 F R' F' R F R' F' R,
,7.28,9,J-I345,1C2C,U2 F R' F' R U F' U F,
,7.28,9,J-I346,0D1V,U2 F R' F' R U' F' U F,
,6.88,9,J-I347,0B1C,U2 F R' F' R U' R U' R',
,7.68,9,J-I348,1J1C,U2 F R' F' R U2 F' U' F,
,7.92,9,J-I349,0D1V,U2 F R' F' R U2 F' U2 F,
,7.28,9,J-I350,1D2C,U2 F R' F' R U2 R U R',RFU
,8.4,9,J-I351,1C2C,U2 F R2 B' R' B R2 F' R,
,8.92,9,J-I352,1A2C,U2 F R2 F' U2 F' U2 F R2,
,7.28,9,J-I353,0D0V,U2 F U F' R F U' F' R',
,7.66,9,J-I354,1C2C,U2 F U R U' R' F2 U F,RFU
,8.6,9,J-I355,0B1C,U2 F' L F2 R' F L' F2 R,
,8.8,9,J-I356,0B1C,U2 F' L' U2 L F R U2 R',
,7.92,9,J-I357,0B1C,U2 F' R U2 R' U2 R' F R,
,7.68,9,J-I358,1A0V,U2 F' R' F U' F' U R F,
,7.8,9,J-I359,0B0V,U2 F' R' F' L F L' R F,
,7.68,9,J-I360,1C2C,U2 F' U F R B U B' R',
,6.56,9,J-I361,1C2C,U2 F' U F U F R' F' R,RFU
,6.96,9,J-I362,0B1C,U2 F' U F U R' F R F',
,7.48,9,J-I363,1C2C,U2 F' U F2 R' F' R2 U' R',
,6.96,9,J-I364,0D2V,U2 F' U' F U R' F R F',
,7.44,9,J-I365,0D2V,U2 F' U2 F U2 R' F R F',
,7.7,9,J-I366,1C2C,U2 F' U2 F2 R U R' U' F',
,7.72,9,J-I367,1J0C,U2 F' U2 F2 R' F' R2 U R',
,8.12,9,J-I368,0D2V,U2 F' U2 F2 R' F' R2 U2 R',
,7.38,9,J-I369,1C2C,U2 F' U2 F2 U R U' R' F',RFU
,8.22,9,J-I370,1C2C,U2 F' U2 L2 B L B' L F,
,8.8,9,J-I371,0B1C,U2 F2 L F2 R' F' L' F R,
,8.92,9,J-I372,0B1C,U2 F2 R U2 R' U2 R' F2 R,
,8.8,9,J-I373,0B1C,U2 L' R2 B' R' B L U2 R',
,8.8,9,J-I374,1C2C,U2 R B U2 B' R' F' U2 F,
,8.6,9,J-I375,1C2C,U2 R B' R2 F R' B R2 F',
,7.8,9,J-I376,1C0V,U2 R F R B' R' B F' R',
,7.68,9,J-I377,0D0V,U2 R F R' U R U' F' R',
,7.92,9,J-I378,1C2C,U2 R F' U2 F U2 F R' F',
,6.96,9,J-I379,1A1V,U2 R U R' U' F R' F' R,
,7.68,9,J-I380,0B1C,U2 R U' R' F' L' U' L F,
,6.96,9,J-I381,1C2C,U2 R U' R' U' F R' F' R,
,6.56,9,J-I382,0B1C,U2 R U' R' U' R' F R F',RFU
,7.48,9,J-I383,0B1C,U2 R U' R2 F R F2 U F,
,8.22,9,J-I384,0B1C,U2 R U2 B2 L' B' L B' R',
,7.44,9,J-I385,1A1V,U2 R U2 R' U2 F R' F' R,
,7.72,9,J-I386,1J0C,U2 R U2 R2 F R F2 U' F,
,8.12,9,J-I387,1A1V,U2 R U2 R2 F R F2 U2 F,
,7.7,9,J-I388,0B1C,U2 R U2 R2 F' U' F U R,
,7.38,9,J-I389,0B1C,U2 R U2 R2 U' F' U F R,RFU
,6.8,9,J-I390,1A2V,U2 R' F R F' R' F R F',
,6.88,9,J-I391,1C2C,U2 R' F R F' U F' U F,
,7.28,9,J-I392,1A2V,U2 R' F R F' U R U' R',
,7.28,9,J-I393,0B1C,U2 R' F R F' U' R U' R',
,7.28,9,J-I394,0A1C,U2 R' F R F' U2 F' U' F,RFU
,7.68,9,J-I395,1J2C,U2 R' F R F' U2 R U R',
,7.92,9,J-I396,1A2V,U2 R' F R F' U2 R U2 R',
,7.28,9,J-I397,0D0V,U2 R' F' R U R U' R' F,
,7.66,9,J-I398,1D2C,U2 R' F' U' F U R2 U' R',
,8.4,9,J-I399,0B1C,U2 R' F2 L F L' F2 R F',
,8.92,9,J-I400,0D1C,U2 R' F2 R U2 R U2 R' F2,
,7.66,9,J-I401,0B1C,U2 R' U' F' U F R2 U' R',RFU
,7.28,9,J-I402,1A0V,U2 R' U' R F' R' U R F,
,8.8,9,J-I403,1C2C,U2 R2 B' R2 F R B R' F',
,8.92,9,J-I404,1C2C,U2 R2 F' U2 F U2 F R2 F',
,7.4,10,J-J1,1C2C,B' F R' F' R' F R F' R B,
,8.2,10,J-J2,1C2C,B' F R2 F' R F R' F' R2 B,
,8.2,10,J-J3,1J1V,B' R B U2 B' R' B F' U' F,
,7.96,10,J-J4,1D2C,B' U F' U' B F U2 F' U F,
,8.28,10,J-J5,1C2C,F R' F' L' R U' B' U B L,
,7.46,10,J-J6,1C2C,F R' F2 U F U' F' U' F R,RFU
,7.7,10,J-J7,1C2C,F R' F2 U F U2 F' U' F R,RFU
,9.4,10,J-J8,1C2C,F U2 B' R' F' R B F U2 F',
,7.6,10,J-J9,1C2C,F' U' F R U R' U F' U2 F,RFU
,9.0,10,J-J10,0B1C,F' U2 B L' B' U2 B L B' F,
,7.76,10,J-J11,1B0C,F' U2 F R U' R' U F' U' F,RFU
,8.7,10,J-J12,1C2C,F2 D' F U F' D F' R' F' R,
,9.62,10,J-J13,1C2C,F2 U2 F2 U2 F R' F2 R U2 F,RFU
,8.2,10,J-J14,1J2V,L F' L' U2 L F L' R U R',
,7.4,10,J-J15,0B1C,L R' F R F R' F' R F' L',
,8.2,10,J-J16,0B1C,L R' F2 R F' R' F R F2 L',
,7.96,10,J-J17,0A1C,L U' R U L' R' U2 R U' R',
,7.6,10,J-J18,0B1C,R U R' F' U' F U' R U2 R',RFU
,9.0,10,J-J19,1C2C,R U2 L' B L U2 L' B' L R',
,7.76,10,J-J20,0C0C,R U2 R' F' U F U' R U R',RFU
,12.0,10,J-J21,0B1C,R' F L2 R' B2 F2 L2 R2 B2 F,
,8.28,10,J-J22,0B1C,R' F R B F' U L U' L' B',
,7.46,10,J-J23,0B1C,R' F R2 U' R' U R U R' F',RFU
,7.7,10,J-J24,0B1C,R' F R2 U' R' U2 R U R' F',RFU
,9.4,10,J-J25,0B1C,R' U2 L F R F' L' R' U2 R,
,8.7,10,J-J26,0B1C,R2 D R' U' R D' R F R F',
,9.62,10,J-J27,0B1C,R2 U2 R2 U2 R' F R2 F' U2 R',RFU
,8.6,10,J-J28,0B1C,U B F' F' L F L' B' U' F,
,8.0,10,J-J29,1J2C,U B F' L F' L' B' F U' F,
,8.4,10,J-J30,0B1C,U B F' L' B' U' B L B' F,
,7.36,10,J-J31,0B1C,U B' R B U' R' U' R' U R,RFU
,7.84,10,J-J32,0B1C,U B' R B U' R' U2 R' U2 R,RFU
,8.38,10,J-J33,0B1C,U B' U F2 L F L' F U' B,
,8.68,10,J-J34,0B1C,U F D R' U R' U' R D' F',
,8.5,10,J-J35,0B2V,U F R' F' R2 U' R' F' U2 F,
,8.56,10,J-J36,1A1V,U F R' F' U2 R2 U R2 U R,
,9.0,10,J-J37,0B1C,U F R2 B' R' B R' F2 U F,
,9.2,10,J-J38,0B0V,U F R2 F2 R' U R F2 R2 F',
,9.2,10,J-J39,1C0V,U F R2 F2 R' U' R F2 R2 F',
,6.42,10,J-J40,1A0V,U F U F U F2 U' F' U' F',
,7.26,10,J-J41,1C0V,U F U F2 U F2 U2 F2 U' F,
,6.6,10,J-J42,1B2C,U F U2 F U' F U F' U2 F',
,8.0,10,J-J43,0D0V,U F U2 F' U' R F U' F' R',
,7.36,10,J-J44,0B1C,U F' L' U' L U' L' U L F,RFU
,7.38,10,J-J45,1C0V,U F' R' F R F' U' F' U F2,
,7.6,10,J-J46,0B0V,U F' R' F R U' R' F' R F,
,8.16,10,J-J47,1C0V,U F' R' U F U' F' U' R F,
,8.32,10,J-J48,1C0V,U F' R' U' R F U' R' U2 R,
,7.26,10,J-J49,1A2V,U F' U F' U' F2 U' F2 U2 F2,
,9.18,10,J-J50,0B1C,U F' U F2 D B' R' B D' F',
,9.3,10,J-J51,0B1C,U F' U' B F' D' L' D F2 B',
,9.38,10,J-J52,0B1C,U F' U' F' D' B L' B' D F2,
,9.18,10,J-J53,0B1C,U F' U' F2 D B' R' B D' F',
,7.38,10,J-J54,0C0C,U F' U' F2 R' F' R F' U F,RFU
,9.94,10,J-J55,1C2V,U F' U2 B' F2 D R2 D' B F',
,7.3,10,J-J56,0B1C,U F' U2 F U F2 L F L' F,RFU
,6.9,10,J-J57,1A1V,U F' U2 F' U2 F U F' U F2,
,9.8,10,J-J58,1C0V,U F2 R U' R2 F' R2 U R' F2,
,8.18,10,J-J59,1C0V,U F2 R' F2 R F' U' F2 U F',
,7.1,10,J-J60,1C2V,U F2 U' F U' F' U2 F U2 F,
,9.28,10,J-J61,0B0V,U F2 U' F2 R U' R' F2 U F2,
,9.68,10,J-J62,0D0V,U F2 U' F2 R U2 R' F2 U F2,
,7.7,10,J-J63,1C2V,U F2 U' F2 U' F2 U2 F U2 F,
,7.4,10,J-J64,1B2C,U F2 U2 F' U F U' F U2 F2,
,8.9,10,J-J65,1A0V,U F2 U2 R' F' R U2 F U F,
,9.12,10,J-J66,1A1C,U L R' D' F' D L' R2 U' R',
,8.0,10,J-J67,1J1C,U L R' F R F' L' R U' R',
,7.36,10,J-J68,0B1C,U R B U' B' U B U' B' R',RFU
,7.76,10,J-J69,0B1C,U R B U2 B' U' B U B' R',RFU
,9.6,10,J-J70,0B1C,U R B2 D B' U' B D' B2 R',
,7.38,10,J-J71,0D0V,U R F R' F' R U R U' R2,
,7.6,10,J-J72,1C0V,U R F R' F' U' F R F' R',
,8.32,10,J-J73,0D0V,U R F U F' R' U F U2 F',
,8.16,10,J-J74,0D0V,U R F U' R' U R U F' R',
,8.08,10,J-J75,1C0V,U R U L' R B' R' B L R',
,9.2,10,J-J76,1C0V,U R U L' R D B' D' L R2,
,7.76,10,J-J77,0B1C,U R U R' U' F' L' U' L F,
,8.08,10,J-J78,1C0V,U R U' L R' F R' F' L' R,
,11.84,10,J-J79,0B1C,U R U' L2 R D2 U2 L2 R2 D2,
,7.26,10,J-J80,0B1V,U R U' R U R2 U R2 U2 R2,
,7.36,10,J-J81,0B1C,U R U' R' F R U R' U' F',RFU
,7.76,10,J-J82,0B1C,U R U' R' F U R U' R' F',RFU
,8.16,10,J-J83,1D2C,U R U' R' F' L' U2 L U' F,
,7.78,10,J-J84,1C2C,U R U' R' F' U F2 R' F' R,RFU
,8.48,10,J-J85,0B1C,U R U' R2 F2 L F L' F R,
,6.9,10,J-J86,0B2V,U R U2 R U2 R' U' R U' R2,
,8.5,10,J-J87,1A1V,U R' F R F2 U F R U2 R',
,8.56,10,J-J88,0B2V,U R' F R U2 F2 U' F2 U' F',
,8.72,10,J-J89,0B1C,U R' F' U' F R2 U' R2 U2 R,RFU
,9.2,10,J-J90,0D0V,U R' F2 R2 F U F' R2 F2 R,
,9.2,10,J-J91,1A0V,U R' F2 R2 F U' F' R2 F2 R,
,7.36,10,J-J92,0B1C,U R' U' R' F R U R U' F',RFU
,7.38,10,J-J93,0B1C,U R' U' R' F R2 F' R' U R,RFU
,6.42,10,J-J94,0B0V,U R' U' R' U' R2 U R U R,
,7.26,10,J-J95,0D0V,U R' U' R2 U' R2 U2 R2 U R',
,8.0,10,J-J96,1C0V,U R' U2 R U F' R' U R F,
,8.18,10,J-J97,0D0V,U R2 F R2 F' R U R2 U' R,
,9.8,10,J-J98,0D0V,U R2 F' U F2 R F2 U' F R2,
,7.1,10,J-J99,0D1V,U R2 U R' U R U2 R' U2 R',
,9.28,10,J-J100,1A0V,U R2 U R2 F' U F R2 U' R2,
,9.68,10,J-J101,1C0V,U R2 U R2 F' U2 F R2 U' R2,
,7.7,10,J-J102,0D1V,U R2 U R2 U R2 U2 R' U2 R',
,8.9,10,J-J103,0B0V,U R2 U2 F R F' U2 R' U' R',
,9.12,10,J-J104,0D2C,U' B' F D R D' B F2 U F,
,8.0,10,J-J105,1J2C,U' B' F R' F' R B F' U F,
,8.72,10,J-J106,1C2C,U' F R U R' F2 U F2 U2 F',RFU
,8.5,10,J-J107,0D2V,U' F R' F' R2 U' R' F' U2 F,
,8.56,10,J-J108,1C1V,U' F R' F' U2 R2 U R2 U R,
,9.2,10,J-J109,0D0V,U' F R2 F2 R' U R F2 R2 F',
,9.2,10,J-J110,1A0V,U' F R2 F2 R' U' R F2 R2 F',
,7.36,10,J-J111,1C2C,U' F U F R' F' U' F' U R,RFU
,7.38,10,J-J112,1C2C,U' F U F R' F2 R F U' F',RFU
,6.42,10,J-J113,1C0V,U' F U F U F2 U' F' U' F',
,7.26,10,J-J114,1A0V,U' F U F2 U F2 U2 F2 U' F,
,8.0,10,J-J115,0B0V,U' F U2 F' U' R F U' F' R',
,7.36,10,J-J116,1C2C,U' F' L' U L U' L' U L F,RFU
,7.76,10,J-J117,1C2C,U' F' L' U2 L U L' U' L F,RFU
,9.6,10,J-J118,1C2C,U' F' L2 D' L U L' D L2 F,
,7.38,10,J-J119,1A0V,U' F' R' F R F' U' F' U F2,
,7.6,10,J-J120,0B0V,U' F' R' F R U R' F' R F,
,8.16,10,J-J121,1A0V,U' F' R' U F U' F' U' R F,
,8.32,10,J-J122,1A0V,U' F' R' U' R F U' R' U2 R,
,8.08,10,J-J123,0B0V,U' F' U B' F R' F R B F',
,8.16,10,J-J124,0A1C,U' F' U F R B U2 B' U R',
,7.78,10,J-J125,0B1C,U' F' U F R U' R2 F R F',RFU
,7.36,10,J-J126,1C2C,U' F' U F R' F' U' F U R,RFU
,7.76,10,J-J127,1C2C,U' F' U F R' U' F' U F R,RFU
,7.26,10,J-J128,1C2V,U' F' U F' U' F2 U' F2 U2 F2,
,8.48,10,J-J129,1C2C,U' F' U F2 R2 B' R' B R' F',
,9.2,10,J-J130,0B0V,U' F' U' B F' D' L D B' F2,
,8.08,10,J-J131,0B0V,U' F' U' B F' L F L' B' F,
,7.76,10,J-J132,1C2C,U' F' U' F U R B U B' R',
,6.9,10,J-J133,1C1V,U' F' U2 F' U2 F U F' U F2,
,9.8,10,J-J134,1A0V,U' F2 R U' R2 F' R2 U R' F2,
,8.18,10,J-J135,1A0V,U' F2 R' F2 R F' U' F2 U F',
,7.1,10,J-J136,1A2V,U' F2 U' F U' F' U2 F U2 F,
,9.28,10,J-J137,0D0V,U' F2 U' F2 R U' R' F2 U F2,
,9.68,10,J-J138,0B0V,U' F2 U' F2 R U2 R' F2 U F2,
,7.7,10,J-J139,1A2V,U' F2 U' F2 U' F2 U2 F U2 F,
,8.9,10,J-J140,1C0V,U' F2 U2 R' F' R U2 F U F,
,7.36,10,J-J141,1C2C,U' L F' L' U F U F U' F',RFU
,7.84,10,J-J142,1C2C,U' L F' L' U F U2 F U2 F',RFU
,8.38,10,J-J143,1C2C,U' L U' R2 B' R' B R' U L',
,8.4,10,J-J144,1C2C,U' L' R B L U L' B' L R',
,8.0,10,J-J145,1J1C,U' L' R B' R B L R' U R',
,8.6,10,J-J146,1C2C,U' L' R R B' R' B L U R',
,7.36,10,J-J147,1C2C,U' R B U B' U B U' B' R',RFU
,7.38,10,J-J148,0B0V,U' R F R' F' R U R U' R2,
,7.6,10,J-J149,1C0V,U' R F R' F' U F R F' R',
,8.32,10,J-J150,0B0V,U' R F U F' R' U F U2 F',
,8.16,10,J-J151,0B0V,U' R F U' R' U R U F' R',
,9.3,10,J-J152,1C2C,U' R U L' R D B D' R2 L,
,9.38,10,J-J153,1C2C,U' R U R D L' B L D' R2,
,9.18,10,J-J154,1C2C,U' R U R2 D' L F L' D R,
,7.38,10,J-J155,1B0C,U' R U R2 F R F' R U' R',RFU
,7.26,10,J-J156,0D1V,U' R U' R U R2 U R2 U2 R2,
,9.18,10,J-J157,1C2C,U' R U' R2 D' L F L' D R,
,9.94,10,J-J158,0B1V,U' R U2 L R2 D' F2 D L' R,
,6.9,10,J-J159,0D2V,U' R U2 R U2 R' U' R U' R2,
,7.3,10,J-J160,1C2C,U' R U2 R' U' R2 B' R' B R',RFU
,8.68,10,J-J161,1C2C,U' R' D' F U' F U F' D R,
,8.5,10,J-J162,1C1V,U' R' F R F2 U F R U2 R',
,8.56,10,J-J163,0D2V,U' R' F R U2 F2 U' F2 U' F',
,9.0,10,J-J164,1C2C,U' R' F2 L F L' F R2 U' R',
,9.2,10,J-J165,0B0V,U' R' F2 R2 F U F' R2 F2 R,
,9.2,10,J-J166,1C0V,U' R' F2 R2 F U' F' R2 F2 R,
,6.42,10,J-J167,0D0V,U' R' U' R' U' R2 U R U R,
,7.26,10,J-J168,0B0V,U' R' U' R2 U' R2 U2 R2 U R',
,8.0,10,J-J169,1A0V,U' R' U2 R U F' R' U R F,
,6.6,10,J-J170,0C1C,U' R' U2 R' U R' U' R U2 R,
,8.18,10,J-J171,0B0V,U' R2 F R2 F' R U R2 U' R,
,9.8,10,J-J172,0B0V,U' R2 F' U F2 R F2 U' F R2,
,7.1,10,J-J173,0B1V,U' R2 U R' U R U2 R' U2 R',
,9.28,10,J-J174,1C0V,U' R2 U R2 F' U F R2 U' R2,
,9.68,10,J-J175,1A0V,U' R2 U R2 F' U2 F R2 U' R2,
,7.7,10,J-J176,0B1V,U' R2 U R2 U R2 U2 R' U2 R',
,8.9,10,J-J177,0D0V,U' R2 U2 F R F' U2 R' U' R',
,7.4,10,J-J178,0C1C,U' R2 U2 R U' R' U R' U2 R2,
,9.52,10,J-J179,1C2C,U2 B U2 B2 R2 F R' B R' F',
,8.2,10,J-J180,1C2C,U2 B' F R F' R F R' B F',
,9.2,10,J-J181,1C2C,U2 B' F' L' B U2 B' L B F,
,8.64,10,J-J182,0B2V,U2 F R F' U2 F' U2 F U2 R',
,8.8,10,J-J183,1C2C,U2 F R' F' R U2 F R' F' R,RFU
,10.0,10,J-J184,1C0V,U2 F R2 F2 R' U2 R F2 R2 F',
,6.52,10,J-J185,1C0V,U2 F U F U F' U' F' U' F',
,8.22,10,J-J186,0B1V,U2 F U R' U' F' U R2 U R',
,8.88,10,J-J187,0B1C,U2 F' L' U2 L F U' R U' R',
,8.4,10,J-J188,0B0V,U2 F' R' F R U2 R' F' R F,
,8.16,10,J-J189,0B0V,U2 F' R' F' U' F U R U F,
,8.8,10,J-J190,1C0V,U2 F' R' U F U2 F' U' R F,
,8.88,10,J-J191,1C0V,U2 F' R' U2 R F U' R' U' R,
,8.08,10,J-J192,1C2C,U2 F' U F R U' R' F' U F,RFU
,8.48,10,J-J193,1C2C,U2 F' U F R U2 R' F' U F,RFU
,8.06,10,J-J194,1C2C,U2 F' U F U' R2 B' R' B R',
,9.58,10,J-J195,0B1C,U2 F' U F2 D B' R B D' F',
,7.66,10,J-J196,1C0V,U2 F' U F2 U2 F2 U' F2 U' F',
,7.84,10,J-J197,1C0V,U2 F' U' R' U' F' U F R F,
,8.42,10,J-J198,0B1V,U2 F' U2 F R U R2 F R F',
,8.42,10,J-J199,0B1C,U2 F' U2 F R U' R2 F R F',RFU
,8.0,10,J-J200,1C2C,U2 F' U2 F R' F' U' F U R,RFU
,8.4,10,J-J201,1C2C,U2 F' U2 F R' U' F' U F R,RFU
,7.9,10,J-J202,1C1V,U2 F' U2 F' U2 F2 U F2 U F2,
,9.12,10,J-J203,1C2C,U2 F' U2 F2 R2 B' R' B R' F',
,9.3,10,J-J204,0B1C,U2 F2 L F L2 B L' B' L2 F,
,7.62,10,J-J205,1C0V,U2 F2 U' F U' F U F2 U F2,
,10.08,10,J-J206,0C0V,U2 F2 U' F2 R U2 R' F2 U F2,
,7.86,10,J-J207,1C1V,U2 F2 U2 F2 U F2 U F U' F,
,9.2,10,J-J208,0B1C,U2 L R B L' U2 L B' L' R',
,8.2,10,J-J209,0B1C,U2 L R' F' R F' R' F L' R,
,9.52,10,J-J210,0B1C,U2 L' U2 L2 F2 R' F L' F R,
,8.88,10,J-J211,1C2C,U2 R B U2 B' R' U F' U F,
,8.16,10,J-J212,1C0V,U2 R F R U R' U' F' U' R',
,8.4,10,J-J213,1C0V,U2 R F R' F' U2 F R F' R',
,8.8,10,J-J214,0B0V,U2 R F U' R' U2 R U F' R',
,8.88,10,J-J215,0B0V,U2 R F U2 F' R' U F U F',
,7.84,10,J-J216,0B0V,U2 R U F U R U' R' F' R',
,8.08,10,J-J217,0B1C,U2 R U' R' F' U F R U' R',RFU
,8.48,10,J-J218,0B1C,U2 R U' R' F' U2 F R U' R',RFU
,8.06,10,J-J219,0B1C,U2 R U' R' U F2 L F L' F,
,9.58,10,J-J220,1C2C,U2 R U' R2 D' L F' L' D R,
,7.66,10,J-J221,0B0V,U2 R U' R2 U2 R2 U R2 U R,
,7.9,10,J-J222,0B2V,U2 R U2 R U2 R2 U' R2 U' R2,
,8.0,10,J-J223,0B1C,U2 R U2 R' F R U R' U' F',RFU
,8.4,10,J-J224,0B1C,U2 R U2 R' F U R U' R' F',RFU
,8.42,10,J-J225,1C2C,U2 R U2 R' F' U F2 R' F' R,RFU
,8.42,10,J-J226,1C2V,U2 R U2 R' F' U' F2 R' F' R,
,9.12,10,J-J227,0B1C,U2 R U2 R2 F2 L F L' F R,
,8.8,10,J-J228,0B1C,U2 R' F R F' U2 R' F R F',RFU
,8.64,10,J-J229,1C1V,U2 R' F' R U2 R U2 R' U2 F,
,10.0,10,J-J230,0B0V,U2 R' F2 R2 F U2 F' R2 F2 R,
,8.22,10,J-J231,1C2V,U2 R' U' F U R U' F2 U' F,
,6.52,10,J-J232,0B0V,U2 R' U' R' U' R U R U R,
,9.3,10,J-J233,1C2C,U2 R2 B' R' B2 L' B L B2 R',
,7.62,10,J-J234,0B0V,U2 R2 U R' U R' U' R2 U' R2,
,10.08,10,J-J235,1B0V,U2 R2 U R2 F' U2 F R2 U' R2,
,7.86,10,J-J236,0B2V,U2 R2 U2 R2 U' R2 U' R' U R',
,9.2,11,J-K1,1C2C,B U' F' L' F' L F U L B' F,
,9.18,11,J-K2,1C2C,B' F R B R2 F' R U' B U' B',
,9.48,11,J-K3,1C2C,B' F R' B F2 U' F U B' R B,
,8.2,11,J-K4,1C2C,B' F R' F' R U' B U' B' U2 B,
,9.8,11,J-K5,1C2C,B' F2 D' F' R' F' R F D B F',
,9.4,11,J-K6,0B0V,B' R' B U2 B' R' B U2 B' R B,
,9.38,11,J-K7,0B1C,B' R' F R2 B R' F' U' R' U R,
,8.92,11,J-K8,1C2C,F R U R2 F R F U F2 U2 F',RFU
,8.9,11,J-K9,1C2C,F R' F' R B' R2 F R F' R B,
,8.5,11,J-K10,1C2C,F R' F' R F R B' R B R2 F',
,7.6,11,J-K11,1C2C,F R' F' R F U F' U F U2 F',RFU
,7.36,11,J-K12,0B0C,F R' F' R F' U F U' F' U F,RFU
,7.6,11,J-K13,1C2C,F R' F' R F' U' F U' F' U2 F,RFU
,7.76,11,J-K14,1C2C,F R' F' R F' U2 F U F' U F,RFU
,9.3,11,J-K15,1C2C,F R' F' R2 B' R' F R B R' F',
,8.18,11,J-K16,1C2C,F R' F2 U F U' F' U2 F U R,RFU
,7.94,11,J-K17,1C2C,F R' F2 U' F U' R U R' U R,RFU
,10.9,11,J-K18,1C2C,F R' U2 F D F' U2 F D' F2 R,
,8.56,11,J-K19,1C2C,F U F' U' F' U B L F L' B',
,9.08,11,J-K20,0J1V,F' L' U2 L2 F' L' F2 U' F' U' F,RFU
,7.12,11,J-K21,1J1V,F' U F U F' U F U' R U R',
,6.96,11,J-K22,0J1V,F' U F U F' U' F U2 F' U F,RU
,7.52,11,J-K23,0J1V,F' U F U F' U' L' U L U' F,RFU
,6.96,11,J-K24,1B1C,F' U F U' F' U F U2 F' U F,
,6.96,11,J-K25,0J2V,F' U F U' F' U2 F U' F' U F,RU
,7.12,11,J-K26,1J1V,F' U F U' R U R' U R U R',
,7.6,11,J-K27,1J0V,F' U F U' R U2 R' U2 R U' R',RFU
,7.36,11,J-K28,1J2V,F' U F U2 R U R' U R U' R',
,9.72,11,J-K29,1D1C,F' U' B' U2 B F L R U2 L' R',
,7.36,11,J-K30,1J2V,F' U' F U F' U F U2 R U R',
,6.72,11,J-K31,0J0C,F' U' F U F' U' F U F' U' F,RU
,7.36,11,J-K32,0B0C,F' U' F U F' U2 F U' R U' R',RFU
,7.12,11,J-K33,1J1C,F' U' F U' F' U F U R U' R',RFU
,7.12,11,J-K34,0C0C,F' U' F U' R U' R' U R U' R',RFU
,6.96,11,J-K35,1B2C,F' U' F U2 F' U F U' F' U F,
,6.96,11,J-K36,0J2V,F' U' F U2 F' U F U' F' U' F,RU
,6.96,11,J-K37,1B0C,F' U' F U2 F' U' F U F' U' F,RU
,7.2,11,J-K38,1C0V,F' U' F U2 F' U' F U2 F' U F,
,7.6,11,J-K39,1J0V,F' U' F U2 F' U2 F U' R U R',RFU
,7.12,11,J-K40,1B2C,F' U2 F U' F' U' F U' F' U F,
,7.6,11,J-K41,1C0V,F' U2 F U' F' U2 F U2 F' U F,
,7.84,11,J-K42,1B1C,F' U2 F U2 F' U2 F U2 F' U F,
,9.4,11,J-K43,1C0V,L F L' U2 L F L' U2 L F' L',
,9.38,11,J-K44,1C2C,L F R' F2 L' F R U F U' F',
,9.48,11,J-K45,0B1C,L R' F L' R2 U R' U' L F' L',
,8.2,11,J-K46,0B1C,L R' F R F' U L' U L U2 L',
,9.18,11,J-K47,0B1C,L R' F' L' F2 R F' U L' U L,
,9.8,11,J-K48,0B1C,L R2 D R F R F' R' D' L' R,
,9.2,11,J-K49,0B1C,L' U R B R B' R' U' B' L R',
,9.08,11,J-K50,0J2V,R B U2 B2 R B R2 U R U R',RFU
,9.72,11,J-K51,0A2C,R U L U2 L' R' B' F' U2 B F,
,7.12,11,J-K52,1B0C,R U R' U F' U F U' F' U F,RFU
,7.12,11,J-K53,1J2C,R U R' U R U' R' U' F' U F,RFU
,6.72,11,J-K54,0J0C,R U R' U' R U R' U' R U R',RU
,7.36,11,J-K55,1J1V,R U R' U' R U' R' U2 F' U' F,
,7.36,11,J-K56,1C0C,R U R' U' R U2 R' U F' U F,RFU
,6.96,11,J-K57,0C0C,R U R' U2 R U R' U' R U R',RU
,7.2,11,J-K58,0B0V,R U R' U2 R U R' U2 R U' R',
,6.96,11,J-K59,0J1V,R U R' U2 R U' R' U R U R',RU
,6.96,11,J-K60,0C1C,R U R' U2 R U' R' U R U' R',
,7.6,11,J-K61,1J0V,R U R' U2 R U2 R' U F' U' F,RFU
,7.12,11,J-K62,1J2V,R U' R' U F' U' F U' F' U' F,
,7.6,11,J-K63,1J0V,R U' R' U F' U2 F U2 F' U F,RFU
,6.96,11,J-K64,0C2C,R U' R' U R U' R' U2 R U' R',
,6.96,11,J-K65,0J1V,R U' R' U R U2 R' U R U' R',RU
,7.52,11,J-K66,0J2V,R U' R' U' R U B U' B' U R',RFU
,6.96,11,J-K67,0J2V,R U' R' U' R U R' U2 R U' R',RU
,7.12,11,J-K68,1J2V,R U' R' U' R U' R' U F' U' F,
,7.36,11,J-K69,1J1V,R U' R' U2 F' U' F U' F' U F,
,7.12,11,J-K70,0C1C,R U2 R' U R U R' U R U' R',
,7.6,11,J-K71,0B0V,R U2 R' U R U2 R' U2 R U' R',
,7.84,11,J-K72,0C2C,R U2 R' U2 R U2 R' U2 R U' R',
,8.9,11,J-K73,0B1C,R' F R F' L F2 R' F' R F' L',
,7.6,11,J-K74,0B1C,R' F R F' R U R' U R U2 R',RFU
,7.36,11,J-K75,1C0C,R' F R F' R U' R' U R U' R',RFU
,7.76,11,J-K76,0B1C,R' F R F' R U2 R' U' R U' R',RFU
,8.5,11,J-K77,0B1C,R' F R F' R' F' L F' L' F2 R,
,7.6,11,J-K78,0B1C,R' F R F' R' U' R U' R' U2 R,RFU
,9.3,11,J-K79,0B1C,R' F R F2 L F R' F' L' F R,
,7.94,11,J-K80,0B1C,R' F R2 U R' U F' U' F U' F',RFU
,8.18,11,J-K81,0B1C,R' F R2 U' R' U R U2 R' U' F',RFU
,10.9,11,J-K82,0B1C,R' F U2 R' D' R U2 R' D R2 F',
,8.92,11,J-K83,0B1C,R' F' U' F2 R' F' R' U' R2 U2 R,RFU
,8.56,11,J-K84,0B1C,R' U' R U R U' L' B' R' B L,
,8.74,11,J-K85,0B1C,U B U2 B' U2 B' R B2 U B' R',RFU
,9.2,11,J-K86,1C2C,U B' R B R' U' F R' F' U R,
,9.08,11,J-K87,0B1C,U B' R' B F' U2 F U' B' R' B,
,9.58,11,J-K88,0B1C,U F' L U F U' F' L2 U' L F,RFU
,9.58,11,J-K89,0B1C,U F' L' U' L F2 R U R' U' F',
,8.24,11,J-K90,0B1C,U F' L' U2 L U L' U' L U F,RFU
,8.82,11,J-K91,0B1C,U F' R' U' R F R' U R2 U2 R',RFU
,8.26,11,J-K92,0B1C,U F' U F U F R' F' R2 U2 R',RFU
,8.88,11,J-K93,0B1C,U F' U' F L' U2 R U R' U2 L,
,7.44,11,J-K94,0B1C,U F' U' F R U R' U' R U' R',RFU
,9.32,11,J-K95,0B1C,U F' U2 B' F R B U' B' R' B,
,10.4,11,J-K96,0B1C,U R B F'2 L' B' L F U' B' R',
,8.48,11,J-K97,0B1C,U R B U2 B' U' B U2 B' U' R',RFU
,8.72,11,J-K98,0B1C,U R B' U' R' U B U2 B U2 B',RFU
,13.4,11,J-K99,0B1C,U R B2 F2 D2 U2 B2 F2 D2 U R',
,13.4,11,J-K100,0B1C,U R D2 U B2 F2 D2 U2 B2 F2 R',
,9.04,11,J-K101,1C2C,U R U B L U2 L' U B' U' R',
,7.52,11,J-K102,0J1C,U R U B U B' U' B U' B' R',RFU
,9.38,11,J-K103,0B1C,U R U L' R' B' R2 B' R2 B2 L,
,12.68,11,J-K104,0B1C,U R U' B2 F2 L2 R2 B2 F2 L2 R,
,8.78,11,J-K105,0B1C,U R U' L R' F R' F R F2 L',
,8.78,11,J-K106,0B1C,U R U' L' R' B' R B' R' B2 L,
,12.68,11,J-K107,0B1C,U R U' L2 R B2 F2 L2 R2 B2 F2,
,8.58,11,J-K108,0B1C,U R U' R' F R2 B' R' B R' F',
,7.44,11,J-K109,1C2C,U R U' R' F' U F U' F' U F,RFU
,7.52,11,J-K110,0B1C,U R U' R' U R' U' F' U F R,RFU
,7.52,11,J-K111,0B1C,U R U' R' U' R' U' F' U F R,RFU
,8.48,11,J-K112,0B1C,U R U' R' U2 F R U R' U' F',RFU
,7.86,11,J-K113,0B1C,U R' F R F2 U' F U F' U F,RFU
,8.5,11,J-K114,0B1C,U R' U' R' F R2 F' U' R' U2 R,RFU
,9.1,11,J-K115,1C2C,U R' U2 R2 U R2 F' U F2 R F',RFU
,7.86,11,J-K116,1C2C,U' F R' F' R2 U R' U' R U' R',RFU
,8.5,11,J-K117,1C2C,U' F U F R' F2 R U F U2 F',RFU
,9.1,11,J-K118,0B1C,U' F U2 F2 U' F2 R U' R2 F' R,RFU
,8.72,11,J-K119,1C2C,U' F' L U F U' L' U2 L' U2 L,RFU
,8.48,11,J-K120,1C2C,U' F' L' U2 L U L' U2 L U F,RFU
,10.5,11,J-K121,1C2C,U' F' L2 R B L B' R' U L F,
,8.78,11,J-K122,1C2C,U' F' U B F L F' L F L2 B',
,8.78,11,J-K123,1C2C,U' F' U B' F R' F R' F' R2 B,
,7.44,11,J-K124,0B1C,U' F' U F R U' R' U R U' R',RFU
,8.58,11,J-K125,1C2C,U' F' U F R' F2 L F L' F R,
,7.52,11,J-K126,1C2C,U' F' U F U F U R U' R' F',RFU
,7.52,11,J-K127,1C2C,U' F' U F U' F U R U' R' F',RFU
,8.48,11,J-K128,1C2C,U' F' U F U2 R' F' U' F U R,RFU
,9.38,11,J-K129,1C2C,U' F' U' B F L F2 L F2 L2 B',
,9.04,11,J-K130,0B1C,U' F' U' L' B' U2 B U' L U F,
,7.52,11,J-K131,0J2C,U' F' U' L' U' L U L' U L F,RFU
,9.08,11,J-K132,1C2C,U' L F L' R U2 R' U L F L',
,9.2,11,J-K133,0B1C,U' L F' L' F U R' F R U' F',
,8.74,11,J-K134,1C2C,U' L' U2 L U2 L F' L2 U' L F,RFU
,9.58,11,J-K135,1C2C,U' R B U B' R2 F' U' F U R,
,8.24,11,J-K136,1C2C,U' R B U2 B' U' B U B' U' R',RFU
,9.58,11,J-K137,1C2C,U' R B' U' R' U R B2 U B' R',RFU
,8.82,11,J-K138,1C2C,U' R F U F' R' F U' F2 U2 F,RFU
,8.88,11,J-K139,1C2C,U' R U R' B U2 F' U' F U2 B',
,7.44,11,J-K140,1C2C,U' R U R' F' U' F U F' U F,RFU
,8.26,11,J-K141,1C2C,U' R U' R' U' R' F R F2 U2 F,RFU
,9.32,11,J-K142,1C2C,U' R U2 L R' F' L' U L F L',
,10.6,11,J-K143,1C2C,U2 B F' L' B' U2 B L B' U2 F,
,9.6,11,J-K144,1C2C,U2 B' F R B R2 F' R' F R2 F',
,9.6,11,J-K145,1A1C,U2 B' R B U2 B' F R' F' R' B,
,9.3,11,J-K146,1C2C,U2 B' R F R' F' R2 F R B F',
,9.08,11,J-K147,1C2C,U2 B' R' F R B F' U' F' U' F,
,8.64,11,J-K148,0B1C,U2 F R U R' U' F' U R U R',RFU
,8.48,11,J-K149,1C2C,U2 F U R U' R' F' U' F' U2 F,RFU
,9.5,11,J-K150,1C2C,U2 F' L F U F' U' L2 U2 L F,RFU
,10.0,11,J-K151,0B1C,U2 F' L' B L' B' L2 F2 R' F' R,
,8.48,11,J-K152,1C2C,U2 F' U F L F' L' U L F L',RFU
,8.48,11,J-K153,1C2C,U2 F' U F R U R' U' F' U2 F,RFU
,8.76,11,J-K154,1C2C,U2 F' U F U B' F R' F' R B,
,9.16,11,J-K155,0B1C,U2 F' U F U B' R' F R B F',
,9.16,11,J-K156,1C2C,U2 F' U F U L F R' F' L' R,
,9.28,11,J-K157,1C2C,U2 F' U F2 R U R' U' F2 U2 F,RFU
,9.62,11,J-K158,1C2C,U2 F' U2 B F L2 F' L' F L' B',
,8.16,11,J-K159,1C2C,U2 F' U2 F U' F U R U' R' F',RFU
,10.42,11,J-K160,0B1C,U2 F2 U2 R' F R U2 F' R' F' R,RFU
,9.08,11,J-K161,0B1C,U2 L F R' F' L' R U R U R',
,9.6,11,J-K162,0D2C,U2 L F' L' U2 L R' F R F L',
,9.3,11,J-K163,0B1C,U2 L F' R' F R F2 R' F' L' R,
,9.6,11,J-K164,0B1C,U2 L R' F' L' F2 R F R' F2 R,
,10.6,11,J-K165,0B1C,U2 L' R B L U2 L' B' L U2 R',
,10.0,11,J-K166,1C2C,U2 R B L' B L B2 R2 F R F',
,9.5,11,J-K167,0B1C,U2 R B' R' U' R U B2 U2 B' R',RFU
,8.48,11,J-K168,0B1C,U2 R U' R' B' R B U' B' R' B,RFU
,8.48,11,J-K169,0B1C,U2 R U' R' F' U' F U R U2 R',RFU
,9.16,11,J-K170,0B1C,U2 R U' R' U' B' R' F R B F',
,9.16,11,J-K171,1C2C,U2 R U' R' U' L F R' F' L' R,
,8.76,11,J-K172,0B1C,U2 R U' R' U' L R' F R F' L',
,9.28,11,J-K173,0B1C,U2 R U' R2 F' U' F U R2 U2 R',RFU
,9.62,11,J-K174,0B1C,U2 R U2 L' R' B2 R B R' B L,
,8.16,11,J-K175,0B1C,U2 R U2 R' U R' U' F' U F R,RFU
,8.64,11,J-K176,1C2C,U2 R' F' U' F U R U' F' U' F,RFU
,8.48,11,J-K177,0B1C,U2 R' U' F' U F R U R U2 R',RFU
,10.42,11,J-K178,1C2C,U2 R2 U2 F R' F' U2 R F R F',RFU
,10.08,12,J-L1,1C2C,B' F R' B F' F' U' F U B' R B,
,9.48,12,J-L2,1C2C,B' F R' F' R B R' F' U' F U R,
,9.46,12,J-L3,1C2C,B' F R' F' R B2 U2 B' U' B U' B',
,9.12,12,J-L4,1C2C,F R' F' R F' U2 F U2 F R' F' R,RFU
,10.3,12,J-L5,1C2C,F R' F' R U F R2 B' R' B R' F',
,8.48,12,J-L6,1C2C,F R' F' R U' F U F' U F U2 F',RFU
,8.88,12,J-L7,1C2C,F R' F' R U2 F' U' F U' F' U2 F,RFU
,9.22,12,J-L8,1C2C,F R' F' U' F R' F' R2 U' R' U2 R,RFU
,9.2,12,J-L9,1C2C,F R' F' U' F U F' R U F U2 F',RFU
,8.24,12,J-L10,1C2C,F R' F' U' F' U F U' F' U F R,RFU
,8.82,12,J-L11,1C2C,F U2 F' U' F' U F2 U' R U' R' F',RFU
,11.8,12,J-L12,1D1C,F' U' B F2 U2 B' F' L' R' U2 L R,
,8.24,12,J-L13,0B0C,F' U' F U F' U' F U R' F R F',RFU
,8.94,12,J-L14,0B1C,F' U' F U' F' U F' L' U' L U F2,RFU
,10.08,12,J-L15,0B1C,L R' F L' R R U R' U' L F' L',
,9.48,12,J-L16,0B1C,L R' F R F' L' F R U R' U' F',
,9.46,12,J-L17,0B1C,L R' F R F' L2 U2 L U L' U L,
,11.8,12,J-L18,0A2C,R U L' R2 U2 L R B F U2 B' F',
,8.94,12,J-L19,1C2C,R U R' U R U' R B U B' U' R2,RFU
,8.24,12,J-L20,1C0C,R U R' U' R U R' U' F R' F' R,RFU
,9.12,12,J-L21,0B1C,R' F R F' R U2 R' U2 R' F R F',RFU
,8.48,12,J-L22,0B1C,R' F R F' U R' U' R U' R' U2 R,RFU
,10.3,12,J-L23,0B1C,R' F R F' U' R' F2 L F L' F R,
,8.88,12,J-L24,0B1C,R' F R F' U2 R U R' U R U2 R',RFU
,8.24,12,J-L25,0B1C,R' F R U R U' R' U R U' R' F',RFU
,9.22,12,J-L26,0B1C,R' F R U R' F R F2 U F U2 F',RFU
,9.2,12,J-L27,0B1C,R' F R U R' U' R F' U' R' U2 R,RFU
,8.82,12,J-L28,0B1C,R' U2 R U R U' R2 U F' U F R,RFU
,11.52,12,J-L29,0B1C,U B U2 F2 L F2 U2 F' L' B' U' F,
,11.08,12,J-L30,1C2C,U B' R' B U2 F' U B' F2 R' B F',
,10.18,12,J-L31,1C2C,U B' R' B U2 F' U F2 B' R' B F',
,9.2,12,J-L32,1C2C,U F R' F' R' B' R' B R' F' U' F,
,9.36,12,J-L33,0B1C,U F' L' B' U' B U B' U' B L F,
,8.96,12,J-L34,0B1C,U F' L' U' L U' F U F R' F' R,
,9.78,12,J-L35,0B1C,U F' L' U2 L U L' B L' B' L2 F,
,7.84,12,J-L36,0B1C,U F' U F U F' U F U' R U2 R',RFU
,7.84,12,J-L37,0B1C,U F' U F U R U' R' U R U2 R',RFU
,9.8,12,J-L38,0D2C,U F' U F U2 B F2 L F L' B' F,
,9.2,12,J-L39,0B1C,U F' U R U' L' U R' U L U F,
,7.84,12,J-L40,0B1C,U F' U' F U F' U F U2 R U' R',RFU
,7.84,12,J-L41,0B1C,U F' U' F U R U' R' U R U2 R',RFU
,7.84,12,J-L42,0C0C,U F' U' F U' F' U F' L F L' F,RFU
,9.38,12,J-L43,0B1C,U F' U2 F U' R' F R2 U R' U' F',RFU
,10.04,12,J-L44,0C2C,U F' U2 F U2 B F2 L F L' B' F,
,9.74,12,J-L45,0B1C,U F2 L F U2 L' U' L U' L' U F,RFU
,9.66,12,J-L46,0B1C,U R B U' B' R2 U2 R U R' U R,RFU
,8.4,12,J-L47,0B1C,U R B' R B R' B' R B R' U' R',RFU
,10.06,12,J-L48,0B1C,U R B' U' R' U R B2 U B' U' R',RFU
,11.0,12,J-L49,1C2C,U R B2 R' U R2 B' R2 U' R B2 R',RFU
,9.68,12,J-L50,0B1C,U R U L R2 F' R F' R' F L' R,
,8.16,12,J-L51,0B1C,U R U R' F R' F' R U' R U' R',RFU
,9.96,12,J-L52,1C2C,U R U R' U' R' D' L F' L' D R,
,9.38,12,J-L53,1C2C,U R U R' U2 F R' F2 U' F U R,RFU
,8.98,12,J-L54,0B1C,U R U R' U2 R' F R2 U R' U' F',RFU
,8.64,12,J-L55,0B1C,U R U R' U2 R' U' F U R U' F',RFU
,9.78,12,J-L56,0B1C,U R U R2 F R F' U2 R' F R F',RFU
,9.58,12,J-L57,0B1C,U R U R2 L F' R F' R' F L' R,
,8.66,12,J-L58,0B1C,U R U R2 U' R U' R' U2 F R F',RFU
,8.0,12,J-L59,0B1C,U R U' B U B' U' B U B' U' R',RFU
,9.46,12,J-L60,0B1C,U R U' R' U' L' B' R B' R' B2 L,
,7.2,12,J-L61,0C0C,U R U' R' U' R U' R' U R U' R',RU
,9.26,12,J-L62,0B1C,U R U' R' U' R' F2 L F L' F R,
,9.14,12,J-L63,0B1C,U R U' R2 F R U R' U' F' U R,RFU
,8.74,12,J-L64,0B1C,U R U' R2 F' U F U' F' U' F R,RFU
,8.82,12,J-L65,0B1C,U R U' R2 U' F U R U' R' F' R,RFU
,9.4,12,J-L66,0B1C,U R U' R2 U2 R2 B' R' B R' U2 R,RFU
,11.32,12,J-L67,0B1C,U R U2 R2 D' L F L' D R2 U R',
,9.66,12,J-L68,1C2C,U R' U' F' U F R2 U R' F' U' F,RFU
,10.36,12,J-L69,0B1C,U R2 B' R' B U' R2 U' F' U F R,
,9.78,12,J-L70,1C2C,U R2 U R2 U R2 U2 R' B U B' R',RFU
,10.4,12,J-L71,1C2C,U U R B L' B L B2 R2 F R F',
,9.66,12,J-L72,0B1C,U' F U R U' R' F2 U' F R U R',RFU
,8.4,12,J-L73,1C2C,U' F' L F' L' F L F' L' F U F,RFU
,10.06,12,J-L74,1C2C,U' F' L U F U' F' L2 U' L U F,RFU
,9.66,12,J-L75,1C2C,U' F' L' U L F2 U2 F' U' F U' F',RFU
,11.0,12,J-L76,0B1C,U' F' L2 F U' F2 L F2 U F' L2 F,RFU
,9.46,12,J-L77,1C2C,U' F' U F U B L F' L F L2 B',
,9.26,12,J-L78,1C2C,U' F' U F U F R2 B' R' B R' F',
,7.2,12,J-L79,1B0C,U' F' U F U F' U F U' F' U F,RU
,8.74,12,J-L80,1C2C,U' F' U F2 R U' R' U R U R' F',RFU
,9.14,12,J-L81,1C2C,U' F' U F2 R' F' U' F U R U' F',RFU
,8.82,12,J-L82,1C2C,U' F' U F2 U R' U' F' U F R F',RFU
,9.4,12,J-L83,1C2C,U' F' U F2 U2 F2 L F L' F U2 F',RFU
,8.0,12,J-L84,1C2C,U' F' U L' U' L U L' U' L U F,RFU
,9.68,12,J-L85,1C2C,U' F' U' B' F2 R F' R F R' B F',
,8.16,12,J-L86,1C2C,U' F' U' F R' F R F' U F' U F,RFU
,9.96,12,J-L87,0B1C,U' F' U' F U F D B' R B D' F',
,8.98,12,J-L88,1C2C,U' F' U' F U2 F R' F2 U' F U R,RFU
,8.64,12,J-L89,1C2C,U' F' U' F U2 F U R' U' F' U R,RFU
,9.38,12,J-L90,0B1C,U' F' U' F U2 R' F R2 U R' U' F',RFU
,9.58,12,J-L91,1C2C,U' F' U' F2 B' R F' R F R' B F',
,9.78,12,J-L92,1C2C,U' F' U' F2 R' F' R U2 F R' F' R,RFU
,8.66,12,J-L93,1C2C,U' F' U' F2 U F' U F U2 R' F' R,RFU
,11.32,12,J-L94,1C2C,U' F' U2 F2 D B' R' B D' F2 U' F,
,10.36,12,J-L95,1C2C,U' F2 L F L' U F2 U R U' R' F',
,9.78,12,J-L96,0B1C,U' F2 U' F2 U' F2 U2 F L' U' L F,RFU
,11.08,12,J-L97,0B1C,U' L F L' U2 R U' L R2 F L' R,
,10.18,12,J-L98,0B1C,U' L F L' U2 R U' R2 L F L' R,
,11.52,12,J-L99,1C2C,U' L' U2 R2 B' R2 U2 R B L U R',
,9.36,12,J-L100,1C2C,U' R B L U L' U' L U L' B' R',
,8.96,12,J-L101,1C2C,U' R B U B' U R' U' R' F R F',
,9.78,12,J-L102,1C2C,U' R B U2 B' U' B L' B L B2 R',
,7.84,12,J-L103,1B0C,U' R U R' U R U' R B' R' B R',RFU
,7.84,12,J-L104,1C2C,U' R U R' U' F' U F U' F' U2 F,RFU
,7.84,12,J-L105,1C2C,U' R U R' U' R U' R' U2 F' U F,RFU
,9.2,12,J-L106,1C2C,U' R U' F' U B U' F U' B' U' R',
,7.84,12,J-L107,1C2C,U' R U' R' U' F' U F U' F' U2 F,RFU
,7.84,12,J-L108,1C2C,U' R U' R' U' R U' R' U F' U2 F,RFU
,9.8,12,J-L109,1A1C,U' R U' R' U2 L' R2 B' R' B L R',
,9.38,12,J-L110,1C2C,U' R U2 R' U F R' F2 U' F U R,RFU
,10.04,12,J-L111,1B1C,U' R U2 R' U2 L' R2 B' R' B L R',
,9.2,12,J-L112,0B1C,U' R' F R F L F L' F R U R',
,9.74,12,J-L113,1C2C,U' R2 B' R' U2 B U B' U B U' R',RFU
,10.4,12,J-L114,0B1C,U' U' F' L' B L' B' L2 F2 R' F' R,
,10.32,12,J-L115,1C2C,U2 B F' U' B' U2 B F L U' L' B',
,9.78,12,J-L116,1C2C,U2 B F' U' F U B' R2 B' R' B R',
,10.48,12,J-L117,1C2C,U2 B F2 L F L' B' U L' U L F,
,10.48,12,J-L118,1C2C,U2 B' R F' U F U' R F R' B F',
,10.0,12,J-L119,0B1C,U2 F R' F' L F' R F' R' F L' R,
,11.3,12,J-L120,1C2C,U2 F R' F' R B L F2 L F2 L2 B',
,10.9,12,J-L121,1C2C,U2 F R' F' R2 B U B' R' F' U2 F,
,10.02,12,J-L122,1C2C,U2 F R' F' R2 F' U2 F U2 F R' F',RFU
,9.14,12,J-L123,1C2C,U2 F' U F U F R' F2 U' F U R,RFU
,8.96,12,J-L124,1C2C,U2 F' U F U' F R' F' R F' U2 F,RFU
,8.24,12,J-L125,0B1C,U2 F' U F U' F' U F U' R U2 R',RFU
,10.26,12,J-L126,0B1C,U2 F' U F U' F2 L' B L' B' L2 F2,
,8.64,12,J-L127,1C2C,U2 F' U F U' R U' R' U F' U2 F,RFU
,9.16,12,J-L128,1C2C,U2 F' U F2 U F R' F2 R F U' F',RFU
,8.88,12,J-L129,1C2C,U2 F' U L' U2 L U L' U2 L U F,RFU
,11.48,12,J-L130,1C2C,U2 F' U' F2 D B' R B D' F2 U' F,
,11.48,12,J-L131,1C2C,U2 F' U' F2 D B' R' B D' F2 U' F,
,7.84,12,J-L132,1B1C,U2 F' U2 F U F' U' F U F' U' F,RU
,10.3,12,J-L133,1C2C,U2 F' U2 F U' B L2 F' L' F L' B',
,9.78,12,J-L134,1C2C,U2 F' U2 F2 R' F' U' F U R U' F',RFU
,11.12,12,J-L135,1C2C,U2 F' U2 F2 R' F2 L F2 R F2 L' F,
,9.92,12,J-L136,1C2C,U2 F' U2 L F U F' L' F L U' L',RFU
,10.48,12,J-L137,0B1C,U2 L F' R U' R' U F' R' F L' R,
,10.32,12,J-L138,0B1C,U2 L' R U L U2 L' R' B' U B L,
,9.78,12,J-L139,0B1C,U2 L' R U R' U' L F2 L F L' F,
,10.48,12,J-L140,0B1C,U2 L' R2 B' R' B L U' B U' B' R',
,11.48,12,J-L141,0B1C,U2 R U R2 D' L F L' D R2 U R',
,11.48,12,J-L142,0B1C,U2 R U R2 D' L F' L' D R2 U R',
,8.88,12,J-L143,0B1C,U2 R U' B U2 B' U' B U2 B' U' R',RFU
,8.64,12,J-L144,0B1C,U2 R U' R' U F' U F U' R U2 R',RFU
,8.24,12,J-L145,1C2C,U2 R U' R' U R U' R' U F' U2 F,RFU
,8.96,12,J-L146,0B1C,U2 R U' R' U R' F R F' R U2 R',RFU
,10.26,12,J-L147,1C2C,U2 R U' R' U R2 B L' B L B2 R2,
,9.14,12,J-L148,0B1C,U2 R U' R' U' R' F R2 U R' U' F',RFU
,9.16,12,J-L149,0B1C,U2 R U' R2 U' R' F R2 F' R' U R,RFU
,9.92,12,J-L150,0B1C,U2 R U2 B' R' U' R B R' B' U B,RFU
,10.3,12,J-L151,0B1C,U2 R U2 R' U L' B2 R B R' B L,
,7.84,12,J-L152,0C2C,U2 R U2 R' U' R U R' U' R U R',RFU
,9.78,12,J-L153,0B1C,U2 R U2 R2 F R U R' U' F' U R,RFU
,11.12,12,J-L154,0B1C,U2 R U2 R2 F R2 B' R2 F' R2 B R',
,10.0,12,J-L155,1C2C,U2 R' F R B' R F' R F R' B F',
,11.3,12,J-L156,0B1C,U2 R' F R F' L' B' R2 B' R2 B2 L,
,10.9,12,J-L157,0B1C,U2 R' F R F2 L' U' L F R U2 R',
,10.02,12,J-L158,0B1C,U2 R' F R F2 R U2 R' U2 R' F R,RFU
,9.76,13,J-M1,1C2C,B' F R' F' R B F U2 F' U' F U' F',
,10.5,13,J-M2,1C2C,F R' F' R F' U2 F2 R' F' R F' U2 F,RFU
,9.76,13,J-M3,0B1C,L R' F R F' L' R' U2 R U R' U R,
,10.5,13,J-M4,0B1C,R' F R F' R U2 R2 F R F' R U2 R',RFU
,10.38,13,J-M5,0B1C,U F' L' U' L F2 U F' U' F' L F L',RFU
,10.88,13,J-M6,0B1C,U F' L' U2 L U' F R R B' R' B R',
,9.04,13,J-M7,1C2C,U F' U F U F R' F' R U2 R U R',RFU
,10.24,13,J-M8,1C2C,U F' U F' U' F U' R' F2 R F U2 F2,RFU
,10.28,13,J-M9,1C2C,U F' U' F R' F R F2 U2 F2 R' F' R,RFU
,10.08,13,J-M10,0B1C,U F' U' F U' R' F' R U2 R U2 R' F,RFU
,9.12,13,J-M11,0B1C,U F' U' L' U' L U' F U F R' F' R,
,11.0,13,J-M12,0B1C,U L' U2 R U L R' U F R U R' F',
,9.62,13,J-M13,1C2C,U R U R' U F' U F2 R U R' U' F',RFU
,9.44,13,J-M14,0B1C,U R U R' U' R B' U' R' U R B R',RFU
,8.56,13,J-M15,0B1C,U R U R' U' R U R' U2 R' F R F',RFU
,9.22,13,J-M16,0B1C,U R U R' U' R U' R2 F' U' F U R,RFU
,9.32,13,J-M17,1C2C,U R U R' U' R2 U B U' B2 R' B R',RFU
,10.08,13,J-M18,0B1C,U R U' L2 B' L B' L' B2 L B' L R',
,9.04,13,J-M19,0B1C,U R U' R' F R U' R' U' R U R' F',RFU
,8.32,13,J-M20,0B1C,U R U' R' U' R U R' U' R' F R F',RFU
,9.04,13,J-M21,0B1C,U R U' R' U' R' U' R' F R F' U R,RFU
,8.56,13,J-M22,0B1C,U R U' R' U2 R U R' U' R' F R F',RFU
,9.14,13,J-M23,0B1C,U R U' R2 U' F' U2 F U F' U' F R,RFU
,10.98,13,J-M24,0B1C,U R' D' R U R' D R2 U' B U' B' R',
,10.9,13,J-M25,0B1C,U R' F' L F' L' F2 R U F R' F' R,
,9.66,13,J-M26,0B1C,U R' F' U' F U R2 U' R' U R U2 R',RFU
,9.4,13,J-M27,0B1C,U R' U' R2 U' R2 U2 R U2 R' F R F',RFU
,11.94,13,J-M28,0B1C,U R2 U' D L' B L D' R' U' F R' F',
,11.0,13,J-M29,1C2C,U' B U2 F' U' B' F U' R' F' U' F R,
,10.98,13,J-M30,1C2C,U' F D F' U' F D' F2 U L' U L F,
,10.9,13,J-M31,1C2C,U' F R B' R B R2 F' U' R' F R F',
,9.66,13,J-M32,1C2C,U' F R U R' U' F2 U F U' F' U2 F,RFU
,9.4,13,J-M33,1C2C,U' F U F2 U F2 U2 F' U2 F R' F' R,RFU
,10.08,13,J-M34,1C2C,U' F' U B2 L B' L B L2 B' L B' F,
,9.04,13,J-M35,1C2C,U' F' U F R' F' U F U F' U' F R,RFU
,9.04,13,J-M36,1C2C,U' F' U F U F U F R' F' R U' F',RFU
,8.32,13,J-M37,1C2C,U' F' U F U F' U' F U F R' F' R,RFU
,8.56,13,J-M38,1C2C,U' F' U F U2 F' U' F U F R' F' R,RFU
,9.14,13,J-M39,1C2C,U' F' U F2 U R U2 R' U' R U R' F',RFU
,9.44,13,J-M40,1C2C,U' F' U' F U F' L U F U' F' L' F,RFU
,9.22,13,J-M41,1C2C,U' F' U' F U F' U F2 R U R' U' F',RFU
,8.56,13,J-M42,1C2C,U' F' U' F U F' U' F U2 F R' F' R,RFU
,9.32,13,J-M43,0B1C,U' F' U' F U F2 U' L' U L2 F L' F,RFU
,9.62,13,J-M44,0B1C,U' F' U' F U' R U' R2 F' U' F U R,RFU
,11.94,13,J-M45,1C2C,U' F2 U D' B L' B' D F U R' F R,
,10.38,13,J-M46,1C2C,U' R B U B' R2 U' R U R B' R' B,RFU
,10.88,13,J-M47,1C2C,U' R B U2 B' U R' F' F' L F L' F,
,9.12,13,J-M48,1C2C,U' R U B U B' U R' U' R' F R F',
,10.28,13,J-M49,0B1C,U' R U R' F R' F' R2 U2 R2 F R F',RFU
,10.08,13,J-M50,1C2C,U' R U R' U F R F' U2 F' U2 F R',RFU
,10.24,13,J-M51,0B1C,U' R U' R U R' U F R2 F' R' U2 R2,RFU
,9.04,13,J-M52,0B1C,U' R U' R' U' R' F R F' U2 F' U' F,RFU
,11.6,13,J-M53,1C2C,U2 B' F R F' R B U2 B' F R B F',
,9.68,13,J-M54,0B1C,U2 F R U' R' U R U2 R' U' R' F' R,RFU
,10.98,13,J-M55,0B1C,U2 F R' F' R2 U2 R' F R U R' U' F',RFU
,11.56,13,J-M56,0B1C,U2 F U F' U' F' R U2 L R2 F' L' R,
,10.04,13,J-M57,1C2C,U2 F U F2 U F2 U' F R' F' R U' F',RFU
,8.72,13,J-M58,1C2C,U2 F' U F U' F' U F U F R' F' R,RFU
,9.68,13,J-M59,1C2C,U2 F' U2 F R' F' U F U F' U' F R,RFU
,10.42,13,J-M60,1C2C,U2 F' U2 L' B L' B' L B L' B' L2 F,
,11.6,13,J-M61,0B1C,U2 L R' F' R F' L' U2 L R' F' L' R,
,8.72,13,J-M62,0B1C,U2 R U' R' U R U' R' U' R' F R F',RFU
,10.42,13,J-M63,0B1C,U2 R U2 B L' B L B' L' B L B2 R',
,9.68,13,J-M64,0B1C,U2 R U2 R' F R U' R' U' R U R' F',RFU
,10.98,13,J-M65,1C2C,U2 R' F R F2 U2 F R' F' U' F U R,RFU
,9.68,13,J-M66,1C2C,U2 R' F' U F U' F' U2 F U F R F',RFU
,11.56,13,J-M67,1C2C,U2 R' U' R U R F' U2 B' F2 R B F',
,10.04,13,J-M68,0B1C,U2 R' U' R2 U' R2 U R' F R F' U R,RFU
,10.48,14,J-N1,0B1C,U F' R U R' U' R' F R U' R' F R F',RFU
,9.52,14,J-N2,0B1C,U R U R' U' R U' R' F R U R' U' F',RFU
,11.48,14,J-N3,0B1C,U R U' L' B R B R' B' L R2 F R F',
,9.52,14,J-N4,0B1C,U R U' R' F R U R' U' R U R' U' F',RFU
,9.6,14,J-N5,0B1C,U R U' R' U R U B' U' R' U R B R',RFU
,9.92,14,J-N6,0B1C,U R U' R' U R' F R U R' U' F' U R,RFU
,9.6,14,J-N7,0B1C,U R U' R' U R' U' F U R U' R' F' R,RFU
,9.98,14,J-N8,0B1C,U R2 B' R' B R' U R U' R' U R U2 R',RFU
,11.48,14,J-N9,1C2C,U' F' U B L' F' L' F L B' F2 R' F' R,
,9.52,14,J-N10,1C2C,U' F' U F R' F' U' F U F' U' F U R,RFU
,9.92,14,J-N11,1C2C,U' F' U F U' F R' F' U' F U R U' F',RFU
,9.6,14,J-N12,1C2C,U' F' U F U' F U R' U' F' U F R F',RFU
,9.6,14,J-N13,1C2C,U' F' U F U' F' U' L U F U' F' L' F,RFU
,9.52,14,J-N14,1C2C,U' F' U' F U F' U F R' F' U' F U R,RFU
,9.98,14,J-N15,1C2C,U' F2 L F L' F U' F' U F U' F' U2 F,RFU
,10.48,14,J-N16,1C2C,U' R F' U' F U F R' F' U F R' F' R,RFU
,10.98,14,J-N17,1C2C,U2 F U2 F R' F2 R F U R U R' U F',RFU
,11.06,14,J-N18,1C2C,U2 F' U F R U' R' U' R' F R F2 U2 F,RFU
,10.24,14,J-N19,1C2C,U2 F' U F U F' U F R U R' F' U' F,RFU
,10.74,14,J-N20,0B1C,U2 F' U' F U F' U' F R U2 R2 F R F',RFU
,13.12,14,J-N21,1C2C,U2 F2 R' F' R U2 F R' F2 R U2 F U2 F',RFU
,10.74,14,J-N22,1C2C,U2 R U R' U' R U R' F' U2 F2 R' F' R,RFU
,11.06,14,J-N23,0B1C,U2 R U' R' F' U F U F R' F' R2 U2 R',RFU
,10.24,14,J-N24,0B1C,U2 R U' R' U' R U' R' F' U' F R U R',RFU
,10.98,14,J-N25,0B1C,U2 R' U2 R' F R2 F' R' U' F' U' F U' R,RFU
,13.12,14,J-N26,0B1C,U2 R2 F R F' U2 R' F R2 F' U2 R' U2 R,RFU
,12.28,15,J-O?,1C2C,F R' F' U B' F R' F' R B U' F' U' F R,
,12.28,15,J-O?,0B1C,R' F R U' L R' F R F' L' U R U R' F',
,11.78,15,J-O?,0B1C,U R R B' R' B R' U' R' F R2 U R' U' F',
,11.78,15,J-O?,0B1C,U R' D' R U R' D R2 U' R' U' R' F R F',
,10.26,15,J-O?,1C2C,U R' F R F2 U F U2 F' U F U' F' U F,RFU
,11.78,15,J-O?,1C2C,U' F D F' U' F D' F2 U F U F R' F' R,
,10.26,15,J-O?,0B1C,U' F R' F' R2 U' R' U2 R U' R' U R U' R',RFU
,15.2,15,J-O?,0B1C,U2 F L F2 R' F' R' D2 R F L2 R2 B L R',
,11.76,15,J-O?,1C2C,U2 F R' F' R U F U F R' F' U' F' U R,RFU
,15.2,15,J-O?,1C2C,U2 R' B' R2 F R F D2 F' R' B2 F2 L' B' F,
,11.76,15,J-O?,0B1C,U2 R' F R F' U' R' U' R' F R U R U' F',RFU
,7.76,11,J-K?,1J0V,R U2 R' U R U2 R' U F' U' F,
,7.76,11,J-K?,1J0V,F' U2 F U' F' U2 F U' R U R',

