htm,alg,names
3,F' U' F,Sexy-3
3,R U R',Sexy-3
4,F R' F' R,RF Sledgehammer
4,R' F R F',RF Sledgehammer
4,U R U' R',Anti-Sexy
4,U' F' U F,Anti-Sexy
4,U2 F' U2 F,Sune-End
4,U2 R U2 R',Sune-End
5,F' L' U2 L F,Rib
5,R B U2 B' R',Rib
6,B F' U' F U B',
6,B U' F' U B' F,
6,B' F R' F' R B,
6,B' F R2 F' R2 B,
6,B' R' F R B F',
6,F' L' U L U F,
6,F' U F R U2 R',
6,F' U F2 R' F' R,
6,F' U L F' L' F2,
6,F' U2 F R U2 R',
6,F' U2 L F' L' F2,
6,F' U2 L' U L F,
6,F2 L' U' L U F2,Sexy-F2
6,F2 U' L' U L F2,Anti-Sexy-F2
6,L F R' F' L' R,
6,L R' F R F' L',
6,L R' F2 R F2 L',
6,L' R U R' U' L,
6,L' U R U' L R',
6,R B U' B' U' R',
6,R U' B' R B R2,
6,R U' R' F' U2 F,
6,R U' R2 F R F',
6,R U2 B U' B' R',
6,R U2 B' R B R2,
6,R U2 R' F' U2 F,
6,R2 B U B' U' R2,Sexy-F2
6,R2 U B U' B' R2,Anti-Sexy-F2
6,U F' L' U' L F,
6,U R B U' B' R',
6,U' F' L' U L F,
6,U' R B U B' R',
6,U2 F' L F' L' F2,
6,U2 F2 L F L' F,
6,U2 R B' R B R2,
6,U2 R2 B' R' B R',
7,B D2 B' U2 B D2 B',
7,B L2 D F D' L2 B',
7,B L2 F2 L' F2 L' B',
7,B' D B U' B' D' B,
7,B' R B U2 B' R' B,
7,B' R F R2 F' R' B,
7,B' R' U' R2 U R' B,
7,B' R2 U' R' U R2 B,Shortest-Edge
7,F R' F2 U' F U R,
7,F R2 F' R2 B U2 B',
7,F U2 F2 U' F2 U' F',Blonde
7,F U2 L F L' U2 F',Shortest-Edge
7,F U2 L F' L' U2 F',Shortest-Edge
7,F' L' B' U B L F,Rebel
7,F' U F U F' U F,
7,F' U F U' F' U F,Anti-Sexy2
7,F' U F U' R U' R',
7,F' U F U2 F' U' F,
7,F' U F U2 F' U2 F,
7,F' U F U2 R U R',
7,F' U F' L F L' F,
7,F' U L' U L U2 F,
7,F' U L' U' L U2 F,
7,F' U L' U2 L U2 F,
7,F' U' F U F' U' F,Sexy2
7,F' U' F U' R U2 R',
7,F' U' F U2 R U' R',
7,F' U' L' U' L U F,
7,F' U' L' U2 L U' F,Rubber
7,F' U2 F U F' U' F,Split
7,F' U2 F U R U R',
7,F' U2 F U' F' U2 F,
7,F' U2 F U' R U' R',
7,F' U2 F U' R U2 R',
7,F' U2 F U2 R U' R',
7,F' U2 F' L F L' F,
7,F' U2 L' U' L U' F,
7,F2 L D' L D L2 F2,
7,F2 U' F2 U' F2 U2 F2,
7,F2 U2 R' F2 R U2 F2,
7,L D' L' U L D L',
7,L F U F2 U' F L',
7,L F' L' U2 L F L',
7,L F' R' F2 R F L',
7,L F2 U F U' F2 L',Shortest-Edge
7,L' B2 D' R' D B2 L,
7,L' B2 R2 B R2 B L,
7,L' D2 L U2 L' D2 L,
7,R B L U' L' B' R',Rebel
7,R U B U B' U' R',
7,R U B U2 B' U R',Rubber
7,R U R' U F' U2 F,
7,R U R' U' R U R',Sexy2
7,R U R' U2 F' U F,
7,R U' B U B' U2 R',
7,R U' B U' B' U2 R',
7,R U' B U2 B' U2 R',
7,R U' R B' R' B R',
7,R U' R' U F' U F,
7,R U' R' U R U' R',Anti-Sexy2
7,R U' R' U' R U' R',
7,R U' R' U2 F' U' F,
7,R U' R' U2 R U R',
7,R U' R' U2 R U2 R',
7,R U2 B U B' U R',
7,R U2 R B' R' B R',
7,R U2 R' U F' U F,
7,R U2 R' U F' U2 F,
7,R U2 R' U R U2 R',
7,R U2 R' U' F' U' F,
7,R U2 R' U' R U R',Split
7,R U2 R' U2 F' U F,
7,R' F R2 U R' U' F',
7,R' F2 R F2 L' U2 L,
7,R' U2 B' R B U2 R,Shortest-Edge
7,R' U2 B' R' B U2 R,Shortest-Edge
7,R' U2 R2 U R2 U R,Blonde
7,R2 B' D B' D' B2 R2,
7,R2 U R2 U R2 U2 R2,
7,R2 U2 F R2 F' U2 R2,
7,U F' L' U2 L U F,
7,U F' L' U2 L U' F,
7,U F' U F R U' R',
7,U F' U L' U2 L F,
7,U F' U' F R U' R',
7,U F' U' L' U' L F,
7,U R B U B' U R',
7,U R U B' R B R2,
7,U R U R' F' U2 F,
7,U R U2 B U2 B' R',
7,U R U2 R' F' U' F,
7,U R U2 R2 F R F',Shortest-Side
7,U R' F R F2 U F,
7,U R' F R F2 U' F,
7,U R2 B' R' B U' R',
7,U' F R' F' R2 U R',
7,U' F R' F' R2 U' R',
7,U' F' L' U' L U' F,
7,U' F' U' F R U2 R',
7,U' F' U' L F' L' F2,
7,U' F' U2 F R U R',
7,U' F' U2 F2 R' F' R,Shortest-Side
7,U' F' U2 L' U2 L F,
7,U' F2 L F L' U F,
7,U' R B U2 B' U R',
7,U' R B U2 B' U' R',
7,U' R U B U B' R',
7,U' R U R' F' U F,
7,U' R U' B U2 B' R',
7,U' R U' R' F' U F,
7,U2 B' F' U F U' B,
7,U2 F' L' U' L U2 F,
7,U2 F' L' U2 L U2 F,
7,U2 F' U F R U R',
7,U2 F' U L' U L F,
7,U2 F' U' F R U R',
7,U2 F' U' F2 R' F' R,
7,U2 F' U' L' U2 L F,
7,U2 F2 L F L' U2 F,
7,U2 L R U' R' U L',
7,U2 R B U B' U2 R',
7,U2 R B U2 B' U2 R',
7,U2 R U B U2 B' R',
7,U2 R U R' F' U' F,
7,U2 R U R2 F R F',
7,U2 R U' B U' B' R',
7,U2 R U' R' F' U' F,
7,U2 R2 B' R' B U2 R',
8,B L F' U' F U L' B',
8,B' F' R' U' R U B F,
8,B' F' U' R' U R B F,
8,F L2 F' R' F L2 R F',
8,F L2 R' F' R F L2 F',
8,F R B' R' F' R2 B R2,
8,F R F' U' F' U F R',
8,F R F' U2 F' U2 F R',
8,F R' F' R F R' F' R,
8,F R' F' R U' F' U F,
8,F R' F' R U2 F' U2 F,
8,F R' F' U' F' U F R,
8,F U F' R F U' F' R',
8,F U F' R' F R U' F',
8,F U R' F' R F U' F',
8,F U R' U' F2 U F R,
8,F' L U F U' F2 L' F2,
8,F' L' B L' B' L2 U2 F,
8,F' L' B' U2 B U' L F,
8,F' L' U2 L F R U R',
8,F' R B' R' F R2 B R2,
8,F' R' F U' F' U R F,
8,F' U F R B U2 B' R',
8,F' U F R B' R B R2,
8,F' U F R2 B' R' B R',
8,F' U F U2 F R' F' R,
8,F' U F U2 R' F R F',
8,F' U F' U' L' U L F2,Hermit
8,F' U F2 R' F' R2 U2 R',
8,F' U L' U L2 F' L' F2,
8,F' U' B L F' L' B' F2,
8,F' U' B L F' L' F2 B',
8,F' U' F U R' F R F',
8,F' U' F' L F L' U2 F,
8,F' U' F2 R U R' U' F',
8,F' U' F2 R' F' R2 U R',
8,F' U' F2 U R U' R' F',
8,F' U' L F' L' F U2 F,
8,F' U' L' B L' B' L2 F,
8,F' U' L2 B L B' L F,
8,F' U2 B L F' L' B' F2,
8,F' U2 F U F R' F' R,
8,F' U2 F U R' F R F',
8,F' U2 F U2 R' F R F',
8,F' U2 F2 R' F' R2 U' R',
8,F' U2 F2 R' F' R2 U2 R',
8,F' U2 L' U' L2 F' L' F2,
8,F2 L F L' F R U' R',
8,F2 L F L2 U L U2 F,
8,F2 L' U' L U F U' F,Hermit
8,L R F U F' U' L' R',
8,L R U F U' F' L' R',
8,L' B' R U R' U' B L,
8,R B L U2 L' U B' R',
8,R B L' B L B2 U2 R',
8,R B U2 B' R' F' U' F,
8,R B' U' R' U R2 B R2,
8,R F R' U R U' F' R',
8,R F' L F R' F2 L' F2,
8,R U B L' B L B2 R',
8,R U B' R B R' U2 R',
8,R U B2 L' B' L B' R',
8,R U L' B' R B L R2,
8,R U L' B' R B R2 L,
8,R U R B' R' B U2 R',
8,R U R' U' F R' F' R,
8,R U R2 F R F2 U' F,
8,R U R2 F' U' F U R,
8,R U R2 U' F' U F R,
8,R U' B U' B2 R B R2,
8,R U' R U B U' B' R2,Hermit
8,R U' R' F' L F' L' F2,
8,R U' R' F' L' U2 L F,
8,R U' R' F2 L F L' F,
8,R U' R' U2 F R' F' R,
8,R U' R' U2 R' F R F',
8,R U' R2 F R F2 U2 F,
8,R U2 B U B2 R B R2,
8,R U2 L' B' R B L R2,
8,R U2 R' U' F R' F' R,
8,R U2 R' U' R' F R F',
8,R U2 R' U2 F R' F' R,
8,R U2 R2 F R F2 U F,
8,R U2 R2 F R F2 U2 F,
8,R' B2 F R F' R' B2 R,
8,R' B2 R F R' B2 F' R,
8,R' F R F' R' F R F',
8,R' F R F' U R U' R',
8,R' F R F' U2 R U2 R',
8,R' F R U R U' R' F',
8,R' F' L F R F2 L' F2,
8,R' F' R U R U' R' F,
8,R' F' R U2 R U2 R' F,
8,R' U' F R F' R' U R,
8,R' U' F U R2 U' R' F',
8,R' U' R F R' F' U R,
8,R' U' R F' R' U R F,
8,R2 B U B' U' R' U R',Hermit
8,R2 B' R' B R' F' U F,
8,R2 B' R' B2 U' B' U2 R',
8,U B F2 D' L' D F2 B',
8,U B' F D R' D' B F',
8,U B' R B U' B' R' B,
8,U B' R F R' F' R' B,
8,U B' R2 U' R U R2 B,
8,U B' U F' U' B U' F,
8,U F D B' R' B D' F',
8,U F D F' U' F D' F',
8,U F R' F' R F' U F,
8,U F R' F' R F' U' F,
8,U F R2 D R D' F' R,
8,U F U R U' R2 F' R,
8,U F U2 L F2 L' U2 F',
8,U F' L F' L' F U' F,
8,U F' L' B' U' B L F,
8,U F' U F U F' U2 F,
8,U F' U F U R U2 R',
8,U F' U F U' F' U' F,Soldier
8,U F' U F U' R U R',
8,U F' U F U2 F' U F,
8,U F' U L' U L U F,
8,U F' U L' U L U' F,
8,U F' U' F U F' U2 F,
8,U F' U' F U R U2 R',
8,U F' U' F U' F' U' F,
8,U F' U' F U' R U R',
8,U F' U' F U2 F' U F,
8,U F' U2 B' U F U' B,
8,U F' U2 F U F' U2 F,Bend2
8,U F' U2 F U' F' U' F,
8,U F' U2 F U' R U R',
8,U F' U2 F U2 F' U F,
8,U F' U2 F U2 F' U' F,
8,U F' U2 F U2 R U R',
8,U F' U2 L' U L U' F,
8,U F' U2 L' U L U2 F,
8,U F' U2 L' U' L U2 F,
8,U F2 D' B L' B' D F2,
8,U F2 D' F U' F' D F2,
8,U F2 L F L2 U2 L F,
8,U L' R2 B' R' B L R',
8,U R U B U B' U2 R',
8,U R U B U2 B' U2 R',
8,U R U L U' R' U L',
8,U R U R' U F' U F,
8,U R U R' U' F' U' F,Fastest-Edge
8,U R U R' U' R U' R',
8,U R U R' U2 F' U' F,
8,U R U R' U2 R U R',
8,U R U' B U B' U' R',
8,U R U' B U2 B' U R',
8,U R U' R' F R' F' R,
8,U R U' R' U' F' U F,Fastest-Edge
8,U R U' R' U2 F' U2 F,
8,U R U2 B U' B' U' R',
8,U R U2 R' F R' F' R,
8,U R U2 R' U R U' R',Fastest-Side
8,U R U2 R' U' F' U F,
8,U R U2 R' U2 F' U2 F,
8,U R U2 R' U2 R U2 R',
8,U R' D' L F' L' D R,
8,U R' D' R U' R' D R,
8,U R2 D R' U' R D' R2,
8,U R2 U2 F R' F' U2 R2,
8,U' B F2 L F L' B' F,
8,U' F D B' R B D' F',
8,U' F D F' U F D' F',
8,U' F' U F R' F R F',
8,U' F' U F U R U' R',Fastest-Edge
8,U' F' U F U2 R U2 R',
8,U' F' U L' U' L U F,
8,U' F' U L' U2 L U' F,
8,U' F' U' B' U F U' B,
8,U' F' U' F U F' U F,
8,U' F' U' F U R U R',Fastest-Edge
8,U' F' U' F U' R U' R',
8,U' F' U' F U2 F' U' F,
8,U' F' U' F U2 R U R',
8,U' F' U' L' U' L U2 F,
8,U' F' U' L' U2 L U2 F,
8,U' F' U2 F R' F R F',
8,U' F' U2 F U R U' R',
8,U' F' U2 F U' F' U F,Fastest-Side
8,U' F' U2 F U2 F' U2 F,
8,U' F' U2 F U2 R U2 R',
8,U' F' U2 L' U L U F,
8,U' F2 D' F U F' D F2,
8,U' F2 U2 R' F R U2 F2,
8,U' L F' L' U L F L',
8,U' L F' R' F R F L',
8,U' L F2 U F' U' F2 L',
8,U' L R' D' F D L' R,
8,U' L U' R U L' U R',
8,U' L' R2 D B D' R2 L,
8,U' R B L U L' B' R',
8,U' R B' R B R' U R',
8,U' R U R' U F' U' F,
8,U' R U R' U R U R',
8,U' R U R' U' F' U2 F,
8,U' R U R' U' R U2 R',
8,U' R U R' U2 R U' R',
8,U' R U' B U' B' U R',
8,U' R U' B U' B' U' R',
8,U' R U' R' U F' U' F,
8,U' R U' R' U R U R',Soldier
8,U' R U' R' U' F' U2 F,
8,U' R U' R' U' R U2 R',
8,U' R U' R' U2 R U' R',
8,U' R U2 B U B' U2 R',
8,U' R U2 B U' B' U R',
8,U' R U2 B U' B' U2 R',
8,U' R U2 L U' R' U L',
8,U' R U2 R' U F' U' F,
8,U' R U2 R' U R U R',
8,U' R U2 R' U' R U2 R',Bend2
8,U' R U2 R' U2 F' U' F,
8,U' R U2 R' U2 R U R',
8,U' R U2 R' U2 R U' R',
8,U' R' D' L F L' D R,
8,U' R' D' R U R' D R,
8,U' R' F R F' R U R',
8,U' R' F R F' R U' R',
8,U' R' F2 D' F' D R F',
8,U' R' U' F' U F2 R F',
8,U' R' U2 B' R2 B U2 R,
8,U' R2 B' R' B2 U2 B' R',
8,U' R2 D L' B L D' R2,
8,U' R2 D R' U R D' R2,
8,U2 B L F2 L F2 L2 B',
8,U2 B U' F' U B' U2 F,
8,U2 B' R B U B' R' B,
8,U2 B' R F R F' R' B,
8,U2 B' R2 U' R2 U R2 B,
8,U2 F R' F' R F' U2 F,
8,U2 F U F2 U F2 U2 F',
8,U2 F U2 L F2 L' U2 F',
8,U2 F' L F' L' F U2 F,
8,U2 F' L' U' L2 F' L' F2,
8,U2 F' L' U2 L2 F' L' F2,
8,U2 F' U F U F' U' F,
8,U2 F' U F U R U R',
8,U2 F' U F U' F' U2 F,
8,U2 F' U L' U' L U' F,
8,U2 F' U' F R' F R F',
8,U2 F' U' F U R U' R',
8,U2 F' U' F U' F' U F,
8,U2 F' U' F U2 R U2 R',
8,U2 F' U' L' U L U F,
8,U2 F' U2 L' U2 L U2 F,
8,U2 F2 D' F U2 F' D F2,
8,U2 F2 L' B L' B' L2 F2,
8,U2 F2 L2 B L B' L F2,
8,U2 F2 U' F U' F' U2 F2,
8,U2 F2 U2 F U F' U F2,Weird
8,U2 F2 U2 F2 U F2 U F2,
8,U2 F2 U2 R' F' R U2 F2,
8,U2 L F' L' U' L F L',
8,U2 L F' R' F' R F L',
8,U2 L F2 U F2 U' F2 L',
8,U2 L' B' R2 B' R2 B2 L,
8,U2 L' U R U' L U2 R',
8,U2 R B U B2 R B R2,
8,U2 R B U2 B2 R B R2,
8,U2 R B' R B R' U2 R',
8,U2 R U B U' B' U' R',
8,U2 R U R' F R' F' R,
8,U2 R U R' U R U' R',
8,U2 R U R' U' F' U F,
8,U2 R U R' U2 F' U2 F,
8,U2 R U' B U B' U R',
8,U2 R U' R' U R U2 R',
8,U2 R U' R' U' F' U' F,
8,U2 R U' R' U' R U R',
8,U2 R U2 B U2 B' U2 R',
8,U2 R' F R F' R U2 R',
8,U2 R' U' R2 U' R2 U2 R,
8,U2 R' U2 B' R2 B U2 R,
8,U2 R2 B L' B L B2 R2,
8,U2 R2 B2 L' B' L B' R2,
8,U2 R2 D R' U2 R D' R2,
8,U2 R2 U R' U R U2 R2,
8,U2 R2 U2 F R F' U2 R2,
8,U2 R2 U2 R' U' R U' R2,Weird
8,U2 R2 U2 R2 U' R2 U' R2,
9,B F' D' B' U' B D B' F,
9,B F' L' B' U B L B' F,
9,B F' L' F' L F L B' F,
9,B L F L F L' F' L' B',
9,B' F R B F' U2 B' R B,
9,B' R' B U2 B' F R' B F',
9,B2 D' F2 D' F' D F' D B2,
9,F D B' R' B D' F2 U' F,
9,F R F' U' F' U F U2 R',
9,F R U R' U' F' R U' R',
9,F R' F' R2 U' R' F' U' F,
9,F R' F' R2 U' R2 F R F',
9,F R' F' R2 U2 R' F' U2 F,
9,F R' F' U' R U' R' U2 R,
9,F R' F' U2 R U R' U R,
9,F R' F2 L F R F' L' F,
9,F R' F2 L' F R F' L F,
9,F R' F2 R B' R' F R B,
9,F R' F2 R U R U' R' F,
9,F R2 B' R F' R2 B U R',
9,F R2 F' U R' U' F R2 F',
9,F U F U F U' F' U' F',Fast-Edge
9,F U F' R F U' F' U2 R',
9,F U F' R U F U2 F' R',
9,F U F' R' F R2 U' R' F',
9,F U F' R' F2 R F' U' F',
9,F U F' U F U2 F2 U2 F,
9,F U F2 R' F2 R F2 U' F',
9,F U F2 U F2 U2 R' F' R,
9,F U R U' R' F' R U' R',
9,F U R U' R2 F' R2 U R',
9,F U R' F' R U F U2 F',
9,F U R' F' R2 F U' F' R',
9,F U R' U' R' F' R U R,
9,F U R2 U' R F' R' U R2,
9,F U' F' U' R F U2 F' R',
9,F U' F2 U F R' F2 R F2,
9,F U2 B' R' F R' F2 R2 B,
9,F U2 F U' F2 U F' U2 F',
9,F U2 F' U' F U' F2 U2 F,
9,F U2 F' U' F' U F2 U2 F',
9,F U2 F2 U' F U F U2 F',
9,F U2 F2 U' F2 R U' R' F',
9,B' F' R' F2 R' F2 R2 B F,
9,F' L' U' B L' B' L2 U F,
9,F' L' U' L U' F R U' R',
9,F' L2 U' L U' L' U2 L2 F,
9,F' L2 U2 F' L F U2 L2 F,
9,F' R B U B' U' R' U2 F,
9,F' R B' R B R2 F' U2 F2,
9,F' R' F U' F' U R U F,
9,F' R' F U' F2 U F R F,
9,F' R' F' U' F U R U2 F,
9,F' R' F2 R F' U2 F2 U2 F2,
9,F' R' F2 U' F' U F2 R F,
9,F' R' U F U F' U' R F,
9,F' R' U' F U F' R U F,
9,F' R' U' F' U F R U F,
9,F' R' U' F' U F R U2 F,
9,F' U F R U R' F' U' F,
9,F' U F R U R2 F R F',
9,F' U F R U' R' F' U2 F,
9,F' U F R' F R F2 U2 F,
9,F' U F R2 B U B' U' R2,
9,F' U F' D' F U2 F' D F2,
9,F' U F' U' F U' F' U2 F2,
9,F' U F' U2 F U F' U F2,
9,F' U F' U2 F2 U F2 U F2,Brunette
9,F' U F' U2 R' F' R U2 F2,
9,F' U F' U2 R' F2 R U2 F2,
9,F' U F2 R' F' R F' U2 F,
9,F' U F2 R' F2 U' F U R,
9,F' U F2 U F2 U F2 U2 F',
9,F' U F2 U R' U' F' U R,
9,F' U R U2 R' U2 R' F R,
9,F' U' B F L U L' U' B',
9,F' U' B F U L U' L' B',
9,F' U' B' F R' U' R U B,
9,F' U' B' F U' R' U R B,
9,F' U' F R U' R' F' U' F,
9,F' U' F R U' R2 F R F',
9,F' U' F R U2 R' F' U2 F,
9,F' U' F R' F R F2 U' F,
9,F' U' F R' F' U' F U R,
9,F' U' F R' U' F' U F R,
9,F' U' F' U2 R' F R U2 F2,
9,F' U' F2 R' F' R F' U' F,
9,F' U' F2 U F' U F U2 F',
9,F' U' F2 U2 F' U' F U' F',
9,F' U' F2 U2 L F2 L' U2 F',
9,F' U' L F R' F' L' F R,
9,F' U' L R' F' L' F R F,
9,F' U' L' R' U L U' R F,
9,F' U' R U R' U' R' F R,
9,F' U' R' F U' F' U R F,
9,F' U' R' F' L F L' R F,
9,F' U' R' F' U' F U R F,
9,F' U' R' U L' U' L R F,
9,F' U' R' U' F U F' R F,
9,F' U' R' U' R F R' U R,
9,F' U2 B F' D' L D B' F2,
9,F' U2 B F' L F L' B' F,
9,F' U2 B' F U F' U' B F,
9,F' U2 F R U R' F' U F,
9,F' U2 F R U R' F' U' F,
9,F' U2 F R U' R' F' U F,
9,F' U2 F R U2 R' F' U F,
9,F' U2 F' D' F U F' D F2,
9,F' U2 F' L2 B L B' L F2,
9,F' U2 F' U' F U' F' U2 F2,Rapunzel
9,F' U2 F' U2 R' F R U2 F2,
9,F' U2 F' U2 R' F' R U2 F2,
9,F' U2 R U2 R' U2 R' F R,
9,F' U2 R' F' U' F U R F,
9,F' U2 R' U' F' U F R F,
9,F2 D' B L' B' D F U' F,
9,F2 L F L' F U' R U R',
9,F2 L' B L' B' L2 F U2 F,
9,F2 R U' R2 F R2 U R' F2,
9,F2 R U' R2 F2 R2 U R' F2,
9,F2 R2 F U' F U F2 R2 F2,
9,F2 R2 F2 R U R' F2 R2 F2,
9,F2 R2 F2 U' F' U F' R2 F2,
9,F2 R2 F2 U2 F' U2 F' R2 F2,
9,F2 R2 U' F2 U' F2 U2 R2 F2,
9,F2 R2 U2 R' F2 R U2 R2 F2,
9,F2 U F' R' F U' F2 U R,
9,F2 U' F R U' R' F' U F2,
9,F2 U' F U F R' F' R F,
9,F2 U' F U' F' U2 F U F,Suneish
9,F2 U' F' U' F' U F U F2,
9,F2 U' F2 R U R' F2 U F2,
9,F2 U' F2 U' F' U F' U F2,
9,F2 U' L' U L F2 R U R',
9,F2 U2 F R' F R F2 U2 F2,
9,F2 U2 F R2 B' R' B R' F,
9,F2 U2 F U F' U F U F,
9,F2 U2 F U F' U F U2 F,
9,F2 U2 F' U F' U' F U2 F2,
9,F2 U2 F2 R' F' R F' U2 F2,
9,F2 U2 R' F R U2 F U F,
9,F2 U2 R' F R U2 F U2 F,
9,F2 U2 R' F' R U2 F U2 F,
9,F2 U2 R' F2 R U2 F U' F,
9,L F L' U2 L R' F L' R,
9,L R F R2 F R2 F2 L' R',
9,L R' F' L' R U2 L F' L',
9,L' B' R' B' R' B R B L,
9,L' R B L U' L' B' L R',
9,L' R B R B' R' B' L R',
9,L' R D L U L' D' L R',
9,L2 D R2 D R D' R D' L2,
9,R B U B' U R' F' U F,
9,R B U L' B L B2 U' R',
9,R B2 U B' U B U2 B2 R',
9,R B2 U2 R B' R' U2 B2 R',
9,R F R U R' U' F' U2 R',
9,R F R' U R U' F' U' R',
9,R F R' U R2 U' R' F' R',
9,R F R2 F' R U2 R2 U2 R2,
9,R F R2 U R U' R2 F' R',
9,R F U R U' R' F' U' R',
9,R F U R U' R' F' U2 R',
9,R F U R' U' R F' U' R',
9,R F U' R' U' R U F' R',
9,R F' L F' L' F2 R U2 R2,
9,R F' L' U' L U F U2 R',
9,R U B F U' B' U F' R',
9,R U B' F R B R' F' R',
9,R U B' R' F R B R' F',
9,R U F R B' R' B F' R',
9,R U F R U R' U' F' R',
9,R U F R' U R U' F' R',
9,R U F U F' R' F U' F',
9,R U F U R' U' R F' R',
9,R U F U' B U B' F' R',
9,R U F' U' F U F R' F',
9,R U L R' F U F' U' L',
9,R U L R' U F U' F' L',
9,R U L' R' B' U' B U L,
9,R U L' R' U' B' U B L,
9,R U R U2 F R' F' U2 R2,
9,R U R' F R U R' U' F',
9,R U R' F R' F' R2 U R',
9,R U R' F U R U' R' F',
9,R U R' F' U F R U R',
9,R U R' F' U F2 R' F' R,
9,R U R' F' U2 F R U2 R',
9,R U R2 F R F' R U R',
9,R U R2 U' R U' R' U2 R,
9,R U R2 U2 B' R2 B U2 R,
9,R U R2 U2 R U R' U R,
9,R U' F' U2 F U2 F R' F',
9,R U' R D R' U2 R D' R2,
9,R U' R U R' U R U2 R2,
9,R U' R U2 F R F' U2 R2,
9,R U' R U2 F R2 F' U2 R2,
9,R U' R U2 R' U' R U' R2,
9,R U' R U2 R2 U' R2 U' R2,Brunette
9,R U' R' F R' F' R2 U2 R',
9,R U' R' F' U F R U2 R',
9,R U' R' F' U' F R U R',
9,R U' R' F' U' F2 R' F' R,
9,R U' R' F2 L' U' L U F2,
9,R U' R2 F R F' R U2 R',
9,R U' R2 F R2 U R' U' F',
9,R U' R2 U' F U R U' F',
9,R U' R2 U' R2 U' R2 U2 R,
9,R U2 F R U R' U' F' R',
9,R U2 F U R U' R' F' R',
9,R U2 F' U2 F U2 F R' F',
9,R U2 L R' U' R U L' R',
9,R U2 L' R B' R' B L R',
9,R U2 L' R D B' D' L R2,
9,R U2 R B2 L' B' L B' R2,
9,R U2 R D R' U' R D' R2,
9,R U2 R U R' U R U2 R2,Rapunzel
9,R U2 R U2 F R F' U2 R2,
9,R U2 R U2 F R' F' U2 R2,
9,R U2 R' F' U F R U' R',
9,R U2 R' F' U' F R U R',
9,R U2 R' F' U' F R U' R',
9,R U2 R' F' U2 F R U' R',
9,R' D' L F L' D R2 U R',
9,R' F R F2 U F R U R',
9,R' F R F2 U F2 R' F' R,
9,R' F R F2 U2 F R U2 R',
9,R' F R U F' U F U2 F',
9,R' F R U2 F' U' F U' F',
9,R' F R2 B R' F' R B' R',
9,R' F R2 B' R' F' R B R',
9,R' F R2 F' L F R' F' L',
9,R' F R2 F' U' F' U F R',
9,R' F' R U R U' R' U2 F,
9,R' F' U' F U R F' U F,
9,R' F2 L F' R F2 L' U' F,
9,R' F2 R U' F U R' F2 R,
9,R' U R U F' R' U2 R F,
9,R' U R2 U' R' F R2 F' R2,
9,R' U' F R F' U' R' U2 R,
9,R' U' F R F2 R' U R F,
9,R' U' F U F R F' U' F',
9,R' U' F' U F R F' U F,
9,R' U' F' U F2 R F2 U' F,
9,R' U' F2 U F' R F U' F2,
9,R' U' R F R' F2 U F R,
9,R' U' R F R2 F' R U R,
9,R' U' R F' R' U R U2 F,
9,R' U' R F' U' R' U2 R F,
9,R' U' R U' R' U2 R2 U2 R',
9,R' U' R' U' R' U R U R,Fast-Edge
9,R' U' R2 F R2 F' R2 U R,
9,R' U' R2 U' R2 U2 F R F',
9,R' U2 L F R' F R2 F2 L',
9,R' U2 R U R U' R2 U2 R,
9,R' U2 R U R' U R2 U2 R',
9,R' U2 R' U R2 U' R U2 R,
9,R' U2 R2 U R' U' R' U2 R,
9,R' U2 R2 U R2 F' U F R,
9,R2 B L' B L B2 R' U2 R',
9,R2 B' R' B R' U F' U' F,
9,R2 D L' B L D' R' U R',
9,R2 F' U F2 R' F2 U' F R2,
9,R2 F' U F2 R2 F2 U' F R2,
9,R2 F2 R' U R' U' R2 F2 R2,
9,R2 F2 R2 F' U' F R2 F2 R2,
9,R2 F2 R2 U R U' R F2 R2,
9,R2 F2 R2 U2 R U2 R F2 R2,
9,R2 F2 U R2 U R2 U2 F2 R2,
9,R2 F2 U2 F R2 F' U2 F2 R2,
9,R2 U B U' B' R2 F' U' F,
9,R2 U R U R U' R' U' R2,
9,R2 U R' F' U F R U' R2,
9,R2 U R' U R U2 R' U' R',Suneish
9,R2 U R' U' R' F R F' R',
9,R2 U R2 F' U' F R2 U' R2,
9,R2 U R2 U R U' R U' R2,
9,R2 U' R F R' U R2 U' F',
9,R2 U2 F R F' U2 R' U2 R',
9,R2 U2 F R' F' U2 R' U' R',
9,R2 U2 F R' F' U2 R' U2 R',
9,R2 U2 F R2 F' U2 R' U R',
9,R2 U2 R U' R U R' U2 R2,
9,R2 U2 R' F R' F' R2 U2 R2,
9,R2 U2 R' F2 L F L' F R',
9,R2 U2 R' U' R U' R' U' R',
9,R2 U2 R' U' R U' R' U2 R',
9,R2 U2 R2 F R F' R U2 R2,
9,U B F' F' D' L' D F2 B',
9,U B F2 L F L' B' U' F,
9,U B' D' R U' R' U D B,
9,U B' R' F R B F2 U2 F,
9,U F D R U R' D' U' F',
9,U F D U R U' R' D' F',
9,U F L2 F' R' F L2 R F',
9,U F R U R' U' F2 U' F,
9,U F R U R' U' R' F' R,
9,U F R U R2 U' F' U R,
9,U F R' F' R U F' U' F,
9,U F R' F' R U R U R',
9,U F R' F' R U' F' U2 F,
9,U F R' F' R U' R U2 R',
9,U F R' F' R U2 R U' R',
9,U F U R U' R' F2 U' F,
9,U F' L' B L' B' L2 U F,
9,U F' L' U L F R U R',
9,U F' L' U2 B' U B L F,
9,U F' R' U L' U' L R F,
9,U F' R' U' F U F' R F,
9,U F' R' U' R F R' U R,
9,U F' U F U' F R' F' R,
9,U F' U F U' R' F R F',
9,U F' U' F U' F R' F' R,
9,U F' U' F U' R' F R F',
9,U F' U' L F' L' F U' F,
9,U F' U2 F U' F R' F' R,
9,U F' U2 F U' R' F R F',
9,U F2 L F L2 U L U F,
9,U L F R' F' L' R2 U' R',
9,U L F R' F' R2 L' U' R',
9,U R B' R' U' R U B R',
9,U R F R U R' U' F' R',
9,U R F U R U' R' F' R',
9,U R F' U' F U F R' F',
9,U R U B U' B2 R B R2,
9,U R U R' U2 F R' F' R,
9,U R U R' U2 R' F R F',
9,U R U R2 F R F2 U2 F,
9,U R U' R2 F R F2 U' F,
9,U R U' R2 F' U' F U R,
9,U R U' R2 U' F' U F R,
9,U R U2 R' F' L' U2 L F,
9,U R' F R F' U F' U' F,
9,U R' F R F' U R U R',
9,U R' F R F' U' F' U2 F,
9,U R' F R F' U' R U2 R',
9,U R' F R F' U2 R U' R',
9,U R' F' U' F U R2 U2 R',
9,U R' U' F' U F R2 U2 R',
9,U R2 B L U' L' U B' R2,
9,U R2 B' R' B2 U B' U2 R',
9,U R2 L' B' R' B L U' R',
9,U R2 U B U' B2 R' B R',
9,U R2 U R B' R' B U' R2,
9,U' B' R' F R B F2 U F,
9,U' B' R' F R F2 B U F,
9,U' F R U R' U' F2 U2 F,
9,U' F R' F' R U F' U2 F,
9,U' F R' F' R U R U2 R',
9,U' F R' F' R U' F' U' F,
9,U' F R' F' R U' R U R',
9,U' F R' F' R U2 F' U F,
9,U' F U R U' R' F2 U2 F,
9,U' F' L F U F' U' L' F,
9,U' F' R U R' U' R' F R,
9,U' F' R' F' U' F U R F,
9,U' F' R' U' F' U F R F,
9,U' F' U F2 R U R' U' F',
9,U' F' U F2 R' F' R2 U R',
9,U' F' U F2 U R U' R' F',
9,U' F' U' F U2 F R' F' R,
9,U' F' U' F U2 R' F R F',
9,U' F' U' F2 R' F' R2 U2 R',
9,U' F' U' L' U L2 F' L' F2,
9,U' F' U2 F R B U2 B' R',
9,U' F2 B L F L' B' U F,
9,U' F2 L F L2 U' L U2 F,
9,U' F2 L' B' U B U' L F2,
9,U' F2 U' F' L F L' U F2,
9,U' F2 U' L' U L2 F L' F,
9,U' L D F' U F U' D' L',
9,U' L F R' F' L' R2 U2 R',
9,U' L' R R D B D' R2 L,
9,U' L' R2 B' R' B L U R',
9,U' R B L' B L B2 U' R',
9,U' R B U' B' R' F' U' F,
9,U' R B U2 L U' L' B' R',
9,U' R F U F' R' F U' F',
9,U' R F U R' U' R F' R',
9,U' R F U' B U B' F' R',
9,U' R U B' R B R' U R',
9,U' R U R' U F R' F' R,
9,U' R U R' U R' F R F',
9,U' R U' R' U F R' F' R,
9,U' R U' R' U R' F R F',
9,U' R U2 R' U F R' F' R,
9,U' R U2 R' U R' F R F',
9,U' R' B2 R F R' B2 F' R,
9,U' R' D' F' U' F D U R,
9,U' R' D' U' F' U F D R,
9,U' R' F R F' U F' U2 F,
9,U' R' F R F' U R U2 R',
9,U' R' F R F' U' F' U' F,
9,U' R' F R F' U' R U R',
9,U' R' F R F' U2 F' U F,
9,U' R' F' U' F U F R F',
9,U' R' F' U' F U R2 U R',
9,U' R' F' U' F2 U R U' F',
9,U' R' U' F' U F R2 U R',
9,U' R2 B' R' B2 U' B' U' R',
9,U2 B F2 L F L' B' U2 F,
9,U2 F R U R' U' F2 U F,
9,U2 F R' F' R U F' U F,
9,U2 F R' F' R U' R U' R',
9,U2 F R' F' R U2 F' U' F,
9,U2 F R' F' R U2 R U R',
9,U2 F R2 B' R' B R2 F' R,
9,U2 F R2 F' U2 F' U2 F R2,
9,U2 F U R U' R' F2 U F,
9,U2 B' F' U F2 U' B U F',
9,U2 F' L F2 R' F L' F2 R,
9,U2 F' L' R U' L U R' F,
9,U2 F' L' U2 L F R U2 R',
9,U2 F' R U2 R' U2 R' F R,
9,U2 F' R' F' L F L' R F,
9,U2 F' U F R B U B' R',
9,U2 F' U F U F R' F' R,
9,U2 F' U F U R' F R F',
9,U2 F' U F' L' U' L U F2,
9,U2 F' U F2 R' F' R2 U' R',
9,U2 F' U' F R B U2 B' R',
9,U2 F' U2 F2 R U R' U' F',
9,U2 F' U2 F2 R' F' R2 U R',
9,U2 F' U2 F2 U R U' R' F',
9,U2 F' U2 L2 B L B' L F,
9,U2 F2 L F2 R' F' L' F R,
9,U2 F2 L' U' L U F U F,
9,U2 F2 R U2 R' U2 R' F2 R,
9,U2 L R U' R2 U L' U' R,
9,U2 L' R2 B' R' B L U2 R',
9,U2 R B F' U B' U' F R',
9,U2 R B U2 B' R' F' U2 F,
9,U2 R B' R2 F R' B R2 F',
9,U2 R F R B' R' B F' R',
9,U2 R F' U2 F U2 F R' F',
9,U2 R U R' F' L' U2 L F,
9,U2 R U' R B U B' U' R2,
9,U2 R U' R' F' L' U' L F,
9,U2 R U' R' U' F R' F' R,
9,U2 R U' R' U' R' F R F',
9,U2 R U' R2 F R F2 U F,
9,U2 R U2 B2 L' B' L B' R',
9,U2 R U2 R2 F R F2 U' F,
9,U2 R U2 R2 F' U' F U R,
9,U2 R U2 R2 U' F' U F R,
9,U2 R' F R F' U F' U F,
9,U2 R' F R F' U' R U' R',
9,U2 R' F R F' U2 F' U' F,
9,U2 R' F R F' U2 R U R',
9,U2 R' F' U' F U R2 U' R',
9,U2 R' F2 L F L' F2 R F',
9,U2 R' F2 R U2 R U2 R' F2,
9,U2 R' U' F' U F R2 U' R',
9,U2 R2 B U B' U' R' U' R',
9,U2 R2 B' R2 F R B R' F',
9,U2 R2 F' U2 F U2 F R2 F',
10,B L F2 L F2 L2 B' F' U' F,
10,B' F R F' R B U2 B' R B,
10,B' F R F' R' F R F' R2 B,
10,B' F R F' R' F R2 F' R B,
10,B' F R' F' R B U' F' U F,
10,B' F R' F' R B U2 F' U2 F,
10,B' F R' F' R F R' F' R B,
10,B' F R' F' R F R2 F' R2 B,
10,B' F R' F' R' F R F' R B,
10,B' F R2 F' R F R' F' R2 B,
10,B' F' R' F R' F' R2 B U F,
10,B' R B U B' F R F' R' B,
10,B' R B U' B' F R' F' R' B,
10,B' R B U2 B' R' B F' U' F,
10,B' R F R B F' U B' R' B,
10,B' R F R' B F' U' B' R' B,
10,B' R F' R' F R' B F2 U2 F2,
10,B' U F' U' B F U2 F' U F,
10,B2 D' B R' F R B' F' D B2,
10,F R F' U' F R' F' R2 U' R2,
10,F R F' U' R F R2 F' U' R2,
10,F R U R' F' R F U' F' R',
10,F R U R' U' F' U F' U2 F,
10,F R U R' U' F' U R U2 R',
10,F R U R' U' F' U' F' U' F,
10,F R U R' U' F' U' R U R',
10,F R U R' U' F' U2 F' U F,
10,F R U R' U' R' F' R2 U R',
10,F R U R2 U' F' U R2 U2 R',
10,F R U' F U F' R' F2 U' F2,
10,F R' F R2 F U F' R2 F2 R,
10,F R' F R2 F U' F' R2 F2 R,
10,F R' F R2 F U2 F' R2 F2 R,
10,F R' F' L' R U' B' U B L,
10,F R' F' R F R U R' U' F',
10,F R' F' R F R' F' R2 U R',
10,F R' F' R F U R U' R' F',
10,F R' F' R F' U F R U R',
10,F R' F' R F' U F2 R' F' R,
10,F R' F' R F' U2 F R U2 R',
10,F R' F' R' U R2 U R2 U2 R2,
10,F R' F' R2 U R' U F' U2 F,
10,F R' F' R2 U R' U R U2 R',
10,F R' F' R2 U R' U' F' U' F,
10,F R' F' R2 U R' U' R U R',
10,F R' F' R2 U R' U2 F' U F,
10,F R' F' R2 U' R' F R' F' R,
10,F R' F' R2 U' R' U R U' R',
10,F R' F' R2 U' R' U' F' U F,
10,F R' F' R2 U' R' U2 F' U' F,
10,F R' F' R2 U' R' U2 F' U2 F,
10,F R' F' R2 U' R' U2 R U2 R',
10,F R' F' R2 U2 R' U F' U F,
10,F R' F' R2 U2 R' U' F' U' F,
10,F R' F' R2 U2 R' U' R U R',
10,F R' F' R2 U2 R' U' R U' R',
10,F R' F' R2 U2 R' U2 F' U' F,
10,F R' F' R2 U2 R' U2 R U R',
10,F R' F' U' F R' F' R U R,
10,F R' F' U' R F' R' U R F,
10,F R' F' U' R' F R F' U R,
10,F R' F2 R U2 R U2 R' U2 F,
10,F R' F2 R' U' R F R' U R2,
10,F R' F2 U F U F' U' F R,
10,F R' F2 U F U' F' U' F R,
10,F R' F2 U F U2 F' U' F R,
10,F R' F2 U' F R U' R' U2 R,
10,F R' F2 U' F2 R' F' R U R,
10,F R' U F2 U F2 U2 F' U R,
10,F R' U' F' U R U' F U F',
10,F R' U2 F' R F R' U2 F' R,
10,F R' U2 F' R F R' U2 R F',
10,F R' U2 R F' R' F U2 R F',
10,F R2 F' R2 U' R' F' U' F R,
10,F R2 F' U R U F' U2 F R2,
10,F R2 F' U R2 U F' U2 F R2,
10,F R2 F' U2 F' U2 F R' U' R',
10,F R2 F2 U F U F' U' F R2,
10,F R2 F2 U' F2 R' F' R U R2,
10,F R2 U F' R F U' R F' R,
10,F R2 U F' R' F U' R F' R,
10,F R2 U F' R2 F U' R F' R,
10,F U F R' F' R U' F2 U F,
10,F U F' R U R' U F U F',
10,F U F' U F U2 F' R U2 R',
10,F U F2 R' F R U F2 U2 F',
10,F U F2 R' F' R U F2 U2 F',
10,F U F2 U F2 U2 F' R U R',
10,F U F2 U F2 U2 F' R U' R',
10,F U R U' F' U' F' U F R',
10,F U R U' R' F' U F' U2 F,
10,F U R U' R' F' U R U2 R',
10,F U R U' R' F' U' F' U' F,
10,F U R U' R' F' U' R U R',
10,F U R U' R' F' U2 F' U F,
10,F U R U' R2 F' R F' U F,
10,F U R' F R F' U' F2 U F,
10,F U R' F' R F R U' R' F',
10,F U R' F' U F U2 F' U' R,
10,F U R' U F2 U' F2 U' F' R,
10,F U R' U' F' R U' R' U2 R,
10,F U' F R U R' U F U2 F2,
10,F U' F R U2 R' U F U F2,
10,F U' F' U R U' F U F' R',
10,F U' R' U2 R U R' F' U R,
10,F U2 B' R' F' R B F U2 F',
10,F U2 F' R' U' F U R U2 F',
10,F U2 F' U' F U' F' R U2 R',
10,F U2 F' U2 R U2 F U2 F' R',
10,F U2 F2 U' F R F U' F' R',
10,F U2 F2 U' F' R' F' R U' F',
10,F U2 F2 U' R' F R F2 U' F',
10,F U2 R' F' R F R U2 R' F',
10,F U2 R' U' F' U R F U2 F',
10,F' R F R' U R F' R' U' F,
10,F' R F R' U' R F' R' U F,
10,F' R F R' U' R F' R' U' F,
10,F' R F R' U2 R F' R' U' F,
10,F' R F R' U2 R F' R' U2 F,
10,F' R U R' U R U2 R' U F,
10,F' R U' F U' F' U2 R' U2 F,
10,F' R U2 F U F' U R' U2 F,
10,F' R U2 R' U' R U' R' U F,
10,F' R U2 R' U2 R' F R2 U2 R',
10,F' R' F R U F' U' F' U F2,
10,F' R' F R U F' U2 F' U2 F2,
10,F' R' F R U R' F' R U F,
10,F' R' F R U' R' F' R U2 F,
10,F' R' F R U2 F' U' F' U F2,
10,F' R' F' U' F2 U F' R U' F,
10,F' R' F2 R U F' U' F U F2,
10,F' R' F2 U' F U F2 R U F,
10,F' R' F2 U' F U F2 R U' F,
10,F' R' F2 U' F2 U F2 R U2 F,
10,F' R' U F U F' U' R U2 F,
10,F' R' U F U2 F' U' R U F,
10,F' R' U' F R' F' R U R F,
10,F' R' U' R F R' U R2 U' R',
10,F' R' U' R U F U' R' U R,
10,F' R' U' R U F U2 R' U2 R,
10,F' R' U' R U' R' U2 R U F,
10,F' R' U' R' F R F' U R F,
10,F' R' U' R' F R U F' R F,
10,F' R' U' R' F2 R F2 U R F,
10,F' R' U2 R U F2 R' F' U R,
10,F' R' U2 R U R' U R U F,
10,F' U B F L2 F2 L' F2 L' B',
10,F' U B L2 F' L' F L' B' F,
10,F' U B' F R B U2 B' R' B,
10,F' U F R B U' B2 R B R2,
10,F' U F R U R' F R' F' R,
10,F' U F R U R' U R U' R',
10,F' U F R U R' U' F' U F,
10,F' U F R U R' U2 F' U2 F,
10,F' U F R U R' U2 R U2 R',
10,F' U F R U' R' U F' U F,
10,F' U F R U' R' U F' U2 F,
10,F' U F R U' R' U R U2 R',
10,F' U F R U' R' U' F' U' F,
10,F' U F R U' R' U' R U R',
10,F' U F R U' R' U2 F' U F,
10,F' U F R U' R' U2 R U R',
10,F' U F R U2 R' U F' U2 F,
10,F' U F R U2 R' U' F' U' F,
10,F' U F R U2 R' U2 F' U F,
10,F' U F R' F R F' R U2 R',
10,F' U F R' U' R2 U' R2 U2 R,
10,F' U F R2 U R' U R U2 R2,
10,F' U F R2 U2 F R F' U2 R2,
10,F' U F R2 U2 R' U' R U' R2,
10,F' U F R2 U2 R2 U' R2 U' R2,
10,F' U F U F R' F' R2 U' R',
10,F' U F U F' U' F R U2 R',
10,F' U F U F' U2 F R U R',
10,F' U F U F' U2 F2 R' F' R,
10,F' U F U R U R' F' U F,
10,F' U F U R U R' F' U2 F,
10,F' U F U R U' R' F' U F,
10,F' U F U R U2 R' F' U F,
10,F' U F U R U2 R' F' U' F,
10,F' U F U' F R' F' R2 U' R',
10,F' U F U' F' U F R U' R',
10,F' U F U' F' U' F R U' R',
10,F' U F U' F' U2 F R U R',
10,F' U F U' F' U2 F R U' R',
10,F' U F U' F' U2 F2 R' F' R,
10,F' U F U' R U R' F' U F,
10,F' U F U' R U R' F' U2 F,
10,F' U F U' R U' R' F' U F,
10,F' U F U' R U2 R' F' U F,
10,F' U F U' R U2 R' F' U' F,
10,F' U F U' R U2 R2 F R F',
10,F' U F U' R' F R F2 U F,
10,F' U F U2 B' R' F R B F',
10,F' U F U2 F' U F R U2 R',
10,F' U F U2 F' U' F R U R',
10,F' U F U2 R U R2 F R F',
10,F' U F U2 R U' R' F' U2 F,
10,F' U F U2 R' F R F2 U2 F,
10,F' U F' R U2 R' U2 R' F2 R,
10,F' U F2 R F' U2 F' U2 F R',
10,F' U F2 R U R' U' F2 U F,
10,F' U F2 R' F' R U F' U F,
10,F' U F2 R' F' R U' R U' R',
10,F' U F2 R' F' R U2 F' U' F,
10,F' U F2 R' F' R U2 R U R',
10,F' U F2 R' F' U' F' U F R,
10,F' U F2 R2 F' U2 F' U2 F R2,
10,F' U F2 U R U' R' F2 U F,
10,F' U F2 U R' F' R F U' F',
10,F' U F2 U R' U' F2 U F R,
10,F' U R F R' U2 R F' R' F,
10,F' U R U R' U R U2 R' F,
10,F' U R U R' U' R' F2 R F',
10,F' U R U R2 F R F2 U F2,
10,F' U R U2 R' U' R U' R' F,
10,F' U R' F' U' F U R U' F,
10,F' U R' F2 U' F U F2 R F,
10,F' U R' U' F' U F R U' F,
10,F' U R' U' R F2 R' F' U R,
10,F' U R' U' R U' R' U2 R F,
10,F' U R' U2 R U F R' U R,
10,F' U R' U2 R U R' U R F,
10,F' U' B' F U F U' B U F',
10,F' U' F R U R' U F' U2 F,
10,F' U' F R U R' U R U2 R',
10,F' U' F R U R' U' F' U' F,
10,F' U' F R U R' U' R U R',
10,F' U' F R U R' U2 F' U F,
10,F' U' F R U' R' F R' F' R,
10,F' U' F R U' R' U R U R',
10,F' U' F R U' R' U R U' R',
10,F' U' F R U' R' U' F' U F,
10,F' U' F R U' R' U2 F' U2 F,
10,F' U' F R U' R' U2 R U2 R',
10,F' U' F R U2 R' U F' U F,
10,F' U' F R U2 R' U' R U' R',
10,F' U' F R U2 R' U2 F' U' F,
10,F' U' F R U2 R' U2 R U R',
10,F' U' F R' F R F' R U R',
10,F' U' F R' U' F' U F2 R F',
10,F' U' F R' U' R U' R' U2 R,
10,F' U' F R' U2 R U R' U R,
10,F' U' F U F R U R' U' F',
10,F' U' F U F R' F' R2 U R',
10,F' U' F U F U R U' R' F',
10,F' U' F U F' U F R U R',
10,F' U' F U F' U F2 R' F' R,
10,F' U' F U F' U2 F R U2 R',
10,F' U' F U R U' R' F' U' F,
10,F' U' F U R U' R2 F R F',
10,F' U' F U R U2 R' F' U2 F,
10,F' U' F U R' F R F2 U' F,
10,F' U' F U R' F' U' F U R,
10,F' U' F U R' U' F' U F R,
10,F' U' F U' F R U R' U' F',
10,F' U' F U' F R' F' R2 U R',
10,F' U' F U' F R' F' R2 U2 R',
10,F' U' F U' F U R U' R' F',
10,F' U' F U' F' U F R U R',
10,F' U' F U' F' U F2 R' F' R,
10,F' U' F U' F' U2 F R U2 R',
10,F' U' F U' R U' R' F' U' F,
10,F' U' F U' R U' R2 F R F',
10,F' U' F U' R U2 R' F' U2 F,
10,F' U' F U' R' F R F2 U' F,
10,F' U' F U' R' F' U' F U R,
10,F' U' F U' R' U' F' U F R,
10,F' U' F U2 F R U R' U' F',
10,F' U' F U2 F R' F' R2 U R',
10,F' U' F U2 F U R U' R' F',
10,F' U' F U2 F' U F R U R',
10,F' U' F U2 F' U F R U' R',
10,F' U' F U2 F' U F2 R' F' R,
10,F' U' F U2 F' U' F R U' R',
10,F' U' F U2 F' U2 F R U' R',
10,F' U' F U2 F' U2 F R U2 R',
10,F' U' F U2 R U' R' F' U' F,
10,F' U' F U2 R U' R2 F R F',
10,F' U' F U2 R U2 R' F' U2 F,
10,F' U' F U2 R' F R F2 U F,
10,F' U' F U2 R' F R F2 U' F,
10,F' U' F U2 R' F' U' F U R,
10,F' U' F U2 R' U' F' U F R,
10,F' U' F2 R F' U' F' U F R',
10,F' U' F2 R' F' R F R' F' R,
10,F' U' F2 R' F' R U R U' R',
10,F' U' F2 R' F' R U' F' U F,
10,F' U' F2 R' F' R U2 F' U2 F,
10,F' U' F2 R' F' R U2 R U2 R',
10,F' U' F2 U F R' F' R U' F',
10,F' U' F2 U F' R F U' F' R',
10,F' U' F2 U R' F R F' U' F',
10,F' U' L R' D F D' L' R F,
10,F' U' L R' D F' D' L' R F,
10,F' U' L R' D F2 D' L' R F,
10,F' U' R U2 R' U2 R' F2 R F',
10,F' U' R' F R F' U' F' U F2,
10,F' U' R' F R U R' F' R F,
10,F' U' R' F R U' R' F' R F,
10,F' U' R' F R U2 R' F' R F,
10,F' U' R' F' U' F U R U F,
10,F' U' R' F2 R F' U' F2 U F2,
10,F' U' R' U F U F' U' R F,
10,F' U' R' U F U' F' U' R F,
10,F' U' R' U F U2 F' U' R F,
10,F' U' R' U' F U F' R U' F,
10,F' U' R' U' F' U F R U F,
10,F' U' R' U' R F U' R' U2 R,
10,F' U' R' U2 R F U' R' U' R,
10,F' U2 B L' B' U2 B L B' F,
10,F' U2 F R U R' U F' U' F,
10,F' U2 F R U R' U R U R',
10,F' U2 F R U R' U' F' U2 F,
10,F' U2 F R U R' U' R U2 R',
10,F' U2 F R U R' U2 R U' R',
10,F' U2 F R U' R' U F' U' F,
10,F' U2 F R U' R' U R U R',
10,F' U2 F R U' R' U R U2 R',
10,F' U2 F R U' R' U' F' U2 F,
10,F' U2 F R U' R' U' R U2 R',
10,F' U2 F R U' R' U2 R U' R',
10,F' U2 F R U2 R' U F' U' F,
10,F' U2 F R U2 R' U R U R',
10,F' U2 F R U2 R' U' F' U2 F,
10,F' U2 F R U2 R' U' R U2 R',
10,F' U2 F R U2 R' U2 R U' R',
10,F' U2 F R' F R F' R U' R',
10,F' U2 F R' F R F' R U2 R',
10,F' U2 F R' U' F' U F2 R F',
10,F' U2 F R' U' R2 U' R2 U2 R,
10,F' U2 F R2 U R' U R U2 R2,
10,F' U2 F R2 U2 F R F' U2 R2,
10,F' U2 F R2 U2 R' U' R U' R2,
10,F' U2 F U B' R' F R B F',
10,F' U2 F U F' U F R U2 R',
10,F' U2 F U F' U' F R U2 R',
10,F' U2 F U R U' R' F' U2 F,
10,F' U2 F U' F R' F' R2 U2 R',
10,F' U2 F U' F' U F R U' R',
10,F' U2 F U' F' U' F R U R',
10,F' U2 F U' F' U' F R U' R',
10,F' U2 F U' F' U' F2 R' F' R,
10,F' U2 F U' F' U2 F R U' R',
10,F' U2 F U' R U R' F' U' F,
10,F' U2 F U' R U R2 F R F',
10,F' U2 F U' R' F R F2 U F,
10,F' U2 F U' R' F R F2 U2 F,
10,F' U2 F U2 F' U F R U' R',
10,F' U2 F U2 F' U' F R U' R',
10,F' U2 F U2 F' U2 F R U' R',
10,F' U2 F U2 R U R' F' U2 F,
10,F' U2 F U2 R U2 R' F' U' F,
10,F' U2 F U2 R U2 R2 F R F',
10,F' U2 F U2 R' F R F2 U F,
10,F' U2 F' R U2 R' U2 R' F2 R,
10,F' U2 F2 R U R' U' F2 U2 F,
10,F' U2 F2 R' F' R U F' U2 F,
10,F' U2 F2 R' F' R U R U2 R',
10,F' U2 F2 R' F' R U' F' U' F,
10,F' U2 F2 R' F' R U' R U R',
10,F' U2 F2 R' F' R U' R U' R',
10,F' U2 F2 R' F' R U2 F' U F,
10,F' U2 F2 R2 F' U2 F' U2 F R2,
10,F' U2 F2 U R U' R' F2 U2 F,
10,F' U2 R F R' U R F' R' F,
10,F' U2 R U R2 F R F2 U F2,
10,F' U2 R' F R F' U2 F' U2 F2,
10,F' U2 R' F U' F' U R U' F,
10,F' U2 R' F' U' F2 U F' R F,
10,F' U2 R' F2 U' F U F2 R F,
10,F' U2 R' F2 U' F2 U F2 R F,
10,F' U2 R' U' F U F' R U' F,
10,F' U2 R' U' R F2 R' F' U R,
10,F2 D' F U F' D F' R' F' R,
10,F2 L F U L2 U L2 U2 L' F,
10,F2 R U2 R' U F' U R' F2 R,
10,F2 R U2 R' U F2 U R' F2 R,
10,F2 R U2 R' U2 R' F2 R2 U2 R',
10,F2 R' F U' F' R F2 R' U R,
10,F2 U F' R F U' F' R2 F' R,
10,F2 U F' R' F U' F U F R,
10,F2 U R' F' R F U2 F' U F2,
10,F2 U' F R U2 R' U' F' U2 F2,
10,F2 U' F U F R' F' R U2 F,
10,F2 U' F U F U2 R' F' R F,
10,F2 U' F U' F' R' F R U2 F2,
10,F2 U' F U' F' U2 F2 R U2 R',
10,F2 U' F U2 R U R' F' U2 F2,
10,F2 U' F' U F U' R' F2 R F,
10,F2 U' F2 R' F' R2 U' R' U F,
10,F2 U' F2 R' F' R2 U' R' U2 F,
10,F2 U' F2 U F R' F2 R U' F,
10,F2 U' R U2 F U2 F' R' U F2,
10,F2 U2 F R U' R' U2 F' U F2,
10,F2 U2 F R2 F' U2 F U2 F R2,
10,F2 U2 F U R U2 R' F' U F2,
10,F2 U2 F U' F' R' F R U' F2,
10,F2 U2 F U2 F R' F' R U' F,
10,F2 U2 F' R F U2 F' R2 F' R,
10,F2 U2 F' R' F2 R U F' U F2,
10,F2 U2 F2 R U' R' U F2 U2 F2,
10,F2 U2 F2 U F2 U F2 R U' R',
10,F2 U2 F2 U' R U R' F2 U2 F2,
10,F2 U2 F2 U2 F R' F2 R U2 F,
10,F2 U2 R' F R F2 U F2 U F2,
10,F2 U2 R' F' R F U F' U F2,
10,F2 U2 R' F' R F2 U F2 U F2,
10,F2 U2 R' F' R U2 F2 R U2 R',
10,L F' L' U L R' F R F L',
10,L F' L' U' L R' F' R F L',
10,L F' L' U2 L F L' R U R',
10,L F' R F R' F L' R2 U2 R2,
10,L F' R' F L' R U L F L',
10,L F' R' F' L' R U' L F L',
10,L R F R' F R F2 L' U' R',
10,L R' F R F R' F' R F' L',
10,L R' F R F' L' U R U' R',
10,L R' F R F' L' U2 R U2 R',
10,L R' F R F' R' F R F' L',
10,L R' F R F' R' F2 R F2 L',
10,L R' F' R F R' F' R F2 L',
10,L R' F' R F R' F2 R F' L',
10,L R' F' R F' L' U2 L F' L',
10,L R' F2 R F' R' F R F2 L',
10,L U' R U L' R' U2 R U' R',
10,L' B' R2 B' R2 B2 L R U R',
10,L2 D L' F R' F' L R D' L2,
10,R F R U R2 U' R F' U R',
10,R F R' F' U F R F' U2 R',
10,R F R' F' U' F R F' U' R',
10,R F R' F' U' R U R U' R2,
10,R F R' F' U' R U2 R U2 R2,
10,R F R' F' U2 R U R U' R2,
10,R F R2 F' U' R U R' U' R2,
10,R F R2 U R' U' R2 F' U R',
10,R F R2 U R' U' R2 F' U' R',
10,R F R2 U R2 U' R2 F' U2 R',
10,R F U F R' F' R U' F' R',
10,R F U F R' F' U' R F' R',
10,R F U F R2 F' R2 U' F' R',
10,R F U F' R' F U' F2 U F,
10,R F U F' U F U2 F' U' R',
10,R F U F' U' R' U F U' F',
10,R F U F' U' R' U2 F U2 F',
10,R F U R' F R F' U' F' R',
10,R F U' R' U' R U F' U2 R',
10,R F U' R' U2 R U F' U' R',
10,R F U2 F' U' F U' F' U' R',
10,R F U2 F' U' R2 F R U' F',
10,R F' R' F U F' R F U R',
10,R F' R' F U F' R F U' R',
10,R F' R' F U' F' R F U R',
10,R F' R' F U2 F' R F U R',
10,R F' R' F U2 F' R F U2 R',
10,R F' U R' U R U2 F U2 R',
10,R F' U' F U' F' U2 F U' R',
10,R F' U2 F U F' U F U' R',
10,R F' U2 F U2 F R' F2 U2 F,
10,R F' U2 R' U' R U' F U2 R',
10,R U B' F D' R D B F' R',
10,R U B' F D' R' D B F' R',
10,R U B' F D' R2 D B F' R',
10,R U F R U R' U' F' U' R',
10,R U F R' F' R U R U' R2,
10,R U F R' F' U F R F' R',
10,R U F R' F' U' F R F' R',
10,R U F R' F' U2 F R F' R',
10,R U F R2 F' R U R2 U' R2,
10,R U F U F' R' U F U2 F',
10,R U F U R U' R' F' U' R',
10,R U F U R' U' R F' U R',
10,R U F U' R' U R U F' R',
10,R U F U' R' U' R U F' R',
10,R U F U' R' U2 R U F' R',
10,R U F U2 F' R' U F U F',
10,R U F' U2 F U2 F R2 F' R,
10,R U L R' U' R' U L' U' R,
10,R U R' F R' F' R F' U' F,
10,R U R' F U F' U F U2 F',
10,R U R' F U R U' R2 F' R,
10,R U R' F U2 F' U' F U' F',
10,R U R' F' U F R' F R F',
10,R U R' F' U F U R U' R',
10,R U R' F' U F U' F' U F,
10,R U R' F' U F U' F' U' F,
10,R U R' F' U F U2 F' U2 F,
10,R U R' F' U F U2 R U2 R',
10,R U R' F' U' F U F' U' F,
10,R U R' F' U' F U R U R',
10,R U R' F' U' F U' F' U2 F,
10,R U R' F' U' F U' R U2 R',
10,R U R' F' U' F U2 R U' R',
10,R U R' F' U2 F U F' U F,
10,R U R' F' U2 F U' R U' R',
10,R U R' F' U2 F U2 F' U' F,
10,R U R' F' U2 F U2 R U R',
10,R U R' U F R U R' U' F',
10,R U R' U F R' F' R2 U R',
10,R U R' U F U R U' R' F',
10,R U R' U F' U F R U R',
10,R U R' U F' U F2 R' F' R,
10,R U R' U F' U2 F R U2 R',
10,R U R' U R U' R' F' U' F,
10,R U R' U R U' R2 F R F',
10,R U R' U R U2 R' F' U2 F,
10,R U R' U R' F R F2 U' F,
10,R U R' U R' F R F2 U2 F,
10,R U R' U R' F' U' F U R,
10,R U R' U R' U' F' U F R,
10,R U R' U' F R U R' U' F',
10,R U R' U' F R' F' R2 U R',
10,R U R' U' F U R U' R' F',
10,R U R' U' F' U F R U R',
10,R U R' U' F' U F2 R' F' R,
10,R U R' U' F' U2 F R U2 R',
10,R U R' U' R U' R' F' U' F,
10,R U R' U' R U' R2 F R F',
10,R U R' U' R U2 R' F' U2 F,
10,R U R' U' R' F R F2 U' F,
10,R U R' U' R' F' U' F U R,
10,R U R' U' R' U' F' U F R,
10,R U R' U2 F R U R' U' F',
10,R U R' U2 F R' F' R2 U R',
10,R U R' U2 F R' F' R2 U' R',
10,R U R' U2 F U R U' R' F',
10,R U R' U2 F' U F R U R',
10,R U R' U2 F' U F2 R' F' R,
10,R U R' U2 F' U2 F R U2 R',
10,R U R' U2 R U R' F' U F,
10,R U R' U2 R U' R' F' U F,
10,R U R' U2 R U' R' F' U' F,
10,R U R' U2 R U' R2 F R F',
10,R U R' U2 R U2 R' F' U F,
10,R U R' U2 R U2 R' F' U2 F,
10,R U R' U2 R' F R F2 U' F,
10,R U R' U2 R' F' U' F U R,
10,R U R' U2 R' U' F' U F R,
10,R U R2 F R F' R' F R F',
10,R U R2 F R F' U R U' R',
10,R U R2 F R F' U' F' U F,
10,R U R2 F R F' U2 F' U2 F,
10,R U R2 F R F' U2 R U2 R',
10,R U R2 F' R U R U' R' F,
10,R U R2 U' F R' F' R U R,
10,R U R2 U' R F' R' U R F,
10,R U R2 U' R' F R F' U R,
10,R U' F R U R' U' F' U R',
10,R U' F R2 U R' U' R2 F' R',
10,R U' F U F' R2 F R U' F',
10,R U' F U F' U F U2 F' R',
10,R U' F U R U' R' F' U R',
10,R U' F U2 F' U' F U' F' R',
10,R U' F U2 F' U' R' F U' F',
10,R U' F' R' F U2 F' R F R',
10,R U' F' U' F U F R2 F' R,
10,R U' F' U' F U' F' U2 F R',
10,R U' F' U' F2 R' F' R2 U' R2,
10,R U' F' U2 F U F' U F R',
10,R U' L R' F' L' U2 L F L',
10,R U' L' B2 R B R' B L R',
10,R U' L' R' B2 R2 B R2 B L,
10,R U' R F' U2 F U2 F R2 F',
10,R U' R' F R' F' R F' U2 F,
10,R U' R' F U F2 U F2 U2 F',
10,R U' R' F' L' U L2 F' L' F2,
10,R U' R' F' U F U F' U' F,
10,R U' R' F' U F U R U R',
10,R U' R' F' U F U' F' U2 F,
10,R U' R' F' U F U' R U' R',
10,R U' R' F' U F U' R U2 R',
10,R U' R' F' U F U2 F' U' F,
10,R U' R' F' U F U2 R U' R',
10,R U' R' F' U' F R' F R F',
10,R U' R' F' U' F U R U' R',
10,R U' R' F' U' F U' F' U F,
10,R U' R' F' U' F U2 F' U2 F,
10,R U' R' F' U' F U2 R U2 R',
10,R U' R' F' U2 F U R U R',
10,R U' R' F' U2 F U' R U2 R',
10,R U' R' F' U2 F U2 R U' R',
10,R U' R' F2 U' F U' F' U2 F2,
10,R U' R' F2 U2 F U F' U F2,
10,R U' R' F2 U2 F2 U F2 U F2,
10,R U' R' F2 U2 R' F' R U2 F2,
10,R U' R' U F R' F' R2 U' R',
10,R U' R' U F' U F R U' R',
10,R U' R' U F' U' F R U' R',
10,R U' R' U F' U' F R U2 R',
10,R U' R' U F' U2 F R U R',
10,R U' R' U F' U2 F R U' R',
10,R U' R' U F' U2 F2 R' F' R,
10,R U' R' U R U R' F' U F,
10,R U' R' U R U' R' F' U F,
10,R U' R' U R U2 R' F' U F,
10,R U' R' U R U2 R' F' U' F,
10,R U' R' U R U2 R2 F R F',
10,R U' R' U R' F R F2 U F,
10,R U' R' U' F' U F R U' R',
10,R U' R' U' F' U' F R U' R',
10,R U' R' U' F' U' F R U2 R',
10,R U' R' U' F' U2 F R U R',
10,R U' R' U' F' U2 F R U' R',
10,R U' R' U' R U R' F' U2 F,
10,R U' R' U' R U2 R' F' U' F,
10,R U' R' U' R U2 R2 F R F',
10,R U' R' U' R' F R F2 U F,
10,R U' R' U2 F R' F' R2 U2 R',
10,R U' R' U2 F' U F R U2 R',
10,R U' R' U2 F' U' F2 R' F' R,
10,R U' R' U2 L F R' F' L' R,
10,R U' R' U2 R U R' F' U' F,
10,R U' R' U2 R U' R' F' U2 F,
10,R U' R2 F R F' U F' U F,
10,R U' R2 F R F' U' R U' R',
10,R U' R2 F R F' U2 F' U' F,
10,R U' R2 F R F' U2 R U R',
10,R U' R2 F R U R U' R' F',
10,R U' R2 F' R U2 R U2 R' F,
10,R U' R2 F' U' F U R2 U' R',
10,R U' R2 F2 R U2 R U2 R' F2,
10,R U' R2 U' F R F' R' U R,
10,R U' R2 U' F U R2 U' R' F',
10,R U' R2 U' F' U F R2 U' R',
10,R U2 F R U R2 U' R F' R',
10,R U2 F R' F' R U2 R U2 R2,
10,R U2 F R' U R U' F' U R',
10,R U2 F R2 U R' U' R2 F' R',
10,R U2 F R2 U R2 U' R2 F' R',
10,R U2 F U F' R2 F R U' F',
10,R U2 F U R' U' R F' U R',
10,R U2 F' R' F U' F' R F R',
10,R U2 F' U' F2 R' F' R2 U' R2,
10,R U2 L' B L U2 L' B' L R',
10,R U2 R F' U2 F U2 F R2 F',
10,R U2 R' F R' F' R F' U F,
10,R U2 R' F R' F' R F' U2 F,
10,R U2 R' F U F2 U F2 U2 F',
10,R U2 R' F U R U' R2 F' R,
10,R U2 R' F' U F U F' U2 F,
10,R U2 R' F' U F U R U2 R',
10,R U2 R' F' U F U' F' U' F,
10,R U2 R' F' U F U' F' U2 F,
10,R U2 R' F' U F U' R U R',
10,R U2 R' F' U F U2 F' U F,
10,R U2 R' F' U' F U F' U2 F,
10,R U2 R' F' U' F U R U2 R',
10,R U2 R' F' U' F U' F' U' F,
10,R U2 R' F' U' F U' R U R',
10,R U2 R' F' U' F U2 F' U F,
10,R U2 R' F' U2 F U F' U2 F,
10,R U2 R' F' U2 F U R U2 R',
10,R U2 R' F' U2 F U' F' U' F,
10,R U2 R' F' U2 F U' R U R',
10,R U2 R' F' U2 F U2 F' U F,
10,R U2 R' F2 U' F U' F' U2 F2,
10,R U2 R' F2 U2 F U F' U F2,
10,R U2 R' F2 U2 R' F' R U2 F2,
10,R U2 R' U F R' F' R2 U' R',
10,R U2 R' U F R' F' R2 U2 R',
10,R U2 R' U F' U' F R U R',
10,R U2 R' U F' U' F2 R' F' R,
10,R U2 R' U R U R' F' U F,
10,R U2 R' U R U R' F' U' F,
10,R U2 R' U R U R2 F R F',
10,R U2 R' U R U' R' F' U F,
10,R U2 R' U R U2 R' F' U F,
10,R U2 R' U R' F R F2 U2 F,
10,R U2 R' U' F' U F R U2 R',
10,R U2 R' U' L F R' F' L' R,
10,R U2 R' U' R U R' F' U2 F,
10,R U2 R' U' R U' R' F' U2 F,
10,R U2 R' U2 F R' F' R2 U' R',
10,R U2 R' U2 F' U' F R U2 R',
10,R U2 R' U2 F' U2 F R U R',
10,R U2 R' U2 F' U2 F2 R' F' R,
10,R U2 R' U2 R U R' F' U F,
10,R U2 R' U2 R U' R' F' U F,
10,R U2 R' U2 R U2 R' F' U F,
10,R U2 R2 F R F' U F' U F,
10,R U2 R2 F R F' U F' U' F,
10,R U2 R2 F R F' U R U R',
10,R U2 R2 F R F' U' F' U2 F,
10,R U2 R2 F R F' U' R U2 R',
10,R U2 R2 F R F' U2 R U' R',
10,R U2 R2 F' U' F U R2 U2 R',
10,R U2 R2 F2 R U2 R U2 R' F2,
10,R U2 R2 U' F' U F R2 U2 R',
10,R' F R B F' U L U' L' B',
10,R' F R F U' F2 U' F2 U2 F2,
10,R' F R F' R U' R' F' U' F,
10,R' F R F' R U' R2 F R F',
10,R' F R F' R U2 R' F' U2 F,
10,R' F R F' R' F R F2 U' F,
10,R' F R F' R' F' U' F U R,
10,R' F R F' R' U' F' U F R,
10,R' F R F2 U F R' F R F',
10,R' F R F2 U F U R U' R',
10,R' F R F2 U F U' F' U F,
10,R' F R F2 U F U2 F' U2 F,
10,R' F R F2 U F U2 R U R',
10,R' F R F2 U F U2 R U2 R',
10,R' F R F2 U' F U F' U' F,
10,R' F R F2 U' F U R U R',
10,R' F R F2 U' F U' F' U2 F,
10,R' F R F2 U' F U' R U2 R',
10,R' F R F2 U' F U2 R U' R',
10,R' F R F2 U2 F U F' U F,
10,R' F R F2 U2 F U F' U' F,
10,R' F R F2 U2 F U R U R',
10,R' F R F2 U2 F U' R U' R',
10,R' F R F2 U2 F U2 F' U' F,
10,R' F R F2 U2 F U2 R U R',
10,R' F R U F R' F' R U' F',
10,R' F R U F' R F U' F' R',
10,R' F R U R' F R F' U' F',
10,R' F R' F2 R' U R F2 R2 F',
10,R' F R' F2 R' U' R F2 R2 F',
10,R' F R' F2 R' U2 R F2 R2 F',
10,R' F R2 F U F' R' F U' F2,
10,R' F R2 F' U2 F' U2 F U2 R',
10,R' F R2 U R' F' U F U2 F',
10,R' F R2 U R2 F R F' U' F',
10,R' F R2 U' R' U R U R' F',
10,R' F R2 U' R' U' R U R' F',
10,R' F R2 U' R' U2 R U R' F',
10,R' F U R U' F' U R' U' R,
10,R' F U' R2 U' R2 U2 R U' F',
10,R' F U2 F' R F R' U2 F' R,
10,R' F U2 R F' R' F U2 F' R,
10,R' F U2 R F' R' F U2 R F',
10,R' F' R U F' R' F2 R U F2,
10,R' F' R U R' F R F2 U F2,
10,R' F' U R' U' R F R2 U R2,
10,R' F' U' F R F' R' U R F,
10,R' F' U' F U F R F2 U' F,
10,R' F' U' F U R U F' U' F,
10,R' F' U' F U R U R U R',
10,R' F' U' F U R U' F' U2 F,
10,R' F' U' F U R U' R U2 R',
10,R' F' U' F U R U2 R U' R',
10,R' F' U' F2 U R U' F2 U2 F,
10,R' F2 R F2 U F R U R' F',
10,R' F2 R U' F' U' R U2 R' F2,
10,R' F2 R U' F2 U' R U2 R' F2,
10,R' F2 R U2 R U2 R' F U F,
10,R' F2 R2 U R2 F R F' U' F2,
10,R' F2 R2 U' R' U' R U R' F2,
10,R' F2 U' R F R' U F' R F',
10,R' F2 U' R F' R' U F' R F',
10,R' F2 U' R F2 R' U F' R F',
10,R' U F U2 F' U' F R U' F',
10,R' U R U' F' U R' U' R F,
10,R' U R' F' U' F U' R' U2 R2,
10,R' U R' F' U2 F U' R' U' R2,
10,R' U' F R F' R' F' U F R,
10,R' U' F R U' R' U2 R U F',
10,R' U' F R' F' R U R2 U' R',
10,R' U' F U R F' U F U2 F',
10,R' U' F U' R2 U R2 U R F',
10,R' U' F' U F R U F' U' F,
10,R' U' F' U F R U R U R',
10,R' U' F' U F R U' F' U2 F,
10,R' U' F' U F R U' R U2 R',
10,R' U' F' U F R U2 R U' R',
10,R' U' F' U F2 R F' R U' R',
10,R' U' F' U R U R U' R' F,
10,R' U' R F' U' F U' R' U' R,
10,R' U' R U' R' U2 R F' U2 F,
10,R' U' R' F R F' U R2 U' R',
10,R' U' R2 F R F' U' R2 U2 R,
10,R' U' R2 F R' F' U' R2 U2 R,
10,R' U' R2 U' R2 U2 R F' U F,
10,R' U' R2 U' R2 U2 R F' U' F,
10,R' U2 F R F' R' F' U2 F R,
10,R' U2 F U R U' F' R' U2 R,
10,R' U2 L F R F' L' R' U2 R,
10,R' U2 R F U R' U' F' U2 R,
10,R' U2 R U R' U R F' U2 F,
10,R' U2 R U2 F' U2 R' U2 R F,
10,R' U2 R2 U F R' F' R2 U R,
10,R' U2 R2 U R F R F' U R,
10,R' U2 R2 U R' F' R' U R F,
10,R2 B' R' U' B2 U' B2 U2 B R',
10,R2 D R' U' R D' R F R F',
10,R2 F R' U R F' R2 F U' F',
10,R2 F' U2 F U' R U' F R2 F',
10,R2 F' U2 F U' R2 U' F R2 F',
10,R2 F' U2 F U2 F R2 F2 U2 F,
10,R2 U F' U2 R' U2 R F U' R2,
10,R2 U R U' R' U F R2 F' R',
10,R2 U R' F' U2 F U R U2 R2,
10,R2 U R' U R F R' F' U2 R2,
10,R2 U R' U R U2 R2 F' U2 F,
10,R2 U R' U' R' F R F' U2 R',
10,R2 U R' U' R' U2 F R F' R',
10,R2 U R' U2 F' U' F R U2 R2,
10,R2 U R2 F R F2 U F U' R',
10,R2 U R2 F R F2 U F U2 R',
10,R2 U R2 U' R' F R2 F' U R',
10,R2 U' F R F' R' U2 R U' R2,
10,R2 U' R F R' U R' U' R' F',
10,R2 U' R F' R' U R F2 R F',
10,R2 U2 F R F' R' U' R U' R2,
10,R2 U2 F R F' R2 U' R2 U' R2,
10,R2 U2 F R F' U2 R2 F' U2 F,
10,R2 U2 F R' F' R2 U' R2 U' R2,
10,R2 U2 R F R2 F' U' R U' R2,
10,R2 U2 R F' R' U2 R F2 R F',
10,R2 U2 R' F' U F U2 R U' R2,
10,R2 U2 R' F2 R U2 R' U2 R' F2,
10,R2 U2 R' U R F R' F' U R2,
10,R2 U2 R' U' F' U2 F R U' R2,
10,R2 U2 R' U2 R' F R F' U R',
10,R2 U2 R2 F' U F U' R2 U2 R2,
10,R2 U2 R2 U F' U' F R2 U2 R2,
10,R2 U2 R2 U' R2 U' R2 F' U F,
10,R2 U2 R2 U2 R' F R2 F' U2 R',
10,U B F' F' L F L' B' U' F,
10,U B F' L F' L' B' F U' F,
10,U B F' L' B' U' B L B' F,
10,U B U B' R' F' U' F2 R F',
10,U B' R B U' R' U' R' U R,
10,U B' R B U' R' U2 R' U2 R,
10,U B' R' U' R U B R U R',
10,U B' U F2 L F L' F U' B,
10,U F D F' U2 F D' F2 U F,
10,U F D R' U R' U' R D' F',
10,U F R F' U' F' U F U R',
10,U F R F' U2 F' U2 F U' R',
10,U F R U R' U' F' R U R',
10,U F R U R2 F' R F U' F',
10,U F R U R2 U' F2 U F R,
10,U F R' F' R U F R' F' R,
10,U F R' F' R U R' F R F',
10,U F R' F' R2 U R' F' U F,
10,U F R' F' R2 U' R' F' U F,
10,U F R' F' R2 U' R' F' U2 F,
10,U F R' F' R2 U2 R' F' U F,
10,U F R' F' U' F' U F2 R F',
10,U F R' F2 U' F U F R F',
10,U F R' F2 U' F U R2 U R',
10,U F R' F2 U' F2 U R U' F',
10,U F R2 B' R' B R' F2 U F,
10,U F R2 F' U R U' F R2 F',
10,U F R2 F2 R' U R F2 R2 F',
10,U F R2 F2 R' U' R F2 R2 F',
10,U F R2 U F' R F U' R2 F',
10,U F U F' R F U' F' U' R',
10,U F U F' U F U2 F2 U F,
10,U F U F2 U F2 U2 F2 U F,
10,U F U F2 U F2 U2 F2 U' F,
10,U F U L R' F2 L' R U F',
10,U F U R U' R' F' R U R',
10,U F U R' U' F' U R2 U2 R',
10,U F U' L R' F2 L' R U' F',
10,U F U2 F U' F U F' U2 F',
10,U F U2 F' U' F U' F2 U F,
10,U F U2 F2 U' F2 U' F2 U' F,
10,U F U2 F2 U' F2 U' R' F' R,
10,U F' L' U' L U' L' U L F,
10,U F' L' U2 L F U F' U' F,
10,U F' R F R' U' R F' R' F,
10,U F' R U' F U' F' U2 R' F,
10,U F' R U2 F U F' U R' F,
10,U F' R' F R F' U' F' U F2,
10,U F' R' F R U' R' F' R F,
10,U F' R' F U' F' U R U2 F,
10,U F' R' U F U' F' U' R F,
10,U F' R' U' F U F' R U2 F,
10,U F' R' U' R F U' R' U2 R,
10,U F' U F R B U B' U R',
10,U F' U F R U R' F' U2 F,
10,U F' U F R U2 R' F' U' F,
10,U F' U F R U2 R2 F R F',
10,U F' U F R' F R F2 U F,
10,U F' U F2 D B' R' B D' F',
10,U F' U F2 R' F' R F' U F,
10,U F' U F2 U R U' R2 F' R,
10,U F' U L' U B' U B L F,
10,U F' U L' U L F R U R',
10,U F' U' B F' D' L' D F2 B',
10,U F' U' F R U R' F' U2 F,
10,U F' U' F R U2 R' F' U' F,
10,U F' U' F R U2 R2 F R F',
10,U F' U' F R' F R F2 U F,
10,U F' U' F' D' B L' B' D F2,
10,U F' U' F' D' F U' F' D F2,
10,U F' U' F2 D B' R' B D' F',
10,U F' U' F2 R' F' R F' U F,
10,U F' U' F2 U R U' R2 F' R,
10,U F' U' L R' F2 L' F2 R F,
10,U F' U2 B' F2 D R2 D' B F',
10,U F' U2 F R U R' F' U2 F,
10,U F' U2 F R U2 R' F' U' F,
10,U F' U2 F R U2 R2 F R F',
10,U F' U2 F R' F R F2 U F,
10,U F' U2 F U F' L F' L' F2,
10,U F' U2 F U F2 L F L' F,
10,U F' U2 F2 R' F' R F' U F,
10,U F' U2 F2 U R U' R2 F' R,
10,U F2 R U' R2 F' R2 U R' F2,
10,U F2 R' F2 R F' U' F2 U F',
10,U F2 R2 U2 R' F R U2 R2 F2,
10,U F2 U' F U' F' U2 F U2 F,
10,U F2 U' F2 R U' R' F2 U F2,
10,U F2 U' F2 U' F2 U2 F U' F,
10,U F2 U' F2 U' F2 U2 F U2 F,
10,U F2 U2 F R' F2 R F U2 F2,
10,U F2 U2 F' R F U2 F' R' F',
10,U F2 U2 F' R' F' R F2 U2 F2,
10,U F2 U2 F' U F U' F U2 F2,
10,U F2 U2 F2 R' F R F U2 F2,
10,U F2 U2 F2 U F2 U F U F,
10,U L R' D' F' D L' R2 U' R',
10,U L R' F R F' L' R U' R',
10,U R B L U L' U B' U R',
10,U R B U' B' U B U' B' R',
10,U R B U2 B' R' U F' U' F,
10,U R B U2 B' U' B U B' R',
10,U R B2 D B' U' B D' B2 R',
10,U R F R U R2 U' R F' R',
10,U R F R' F' R U2 R U2 R2,
10,U R F R' F' U' F R F' R',
10,U R F R' U R U' F' U R',
10,U R F R2 U R2 U' R2 F' R',
10,U R F U R' U' R F' U R',
10,U R F' R' F U' F' R F R',
10,U R U F' U2 F U2 F R' F',
10,U R U L' R B' R' B L R',
10,U R U L' R D B' D' L R2,
10,U R U R D L' B' L D' R2,
10,U R U R U R' U R U2 R2,
10,U R U R U2 F R F' U2 R2,
10,U R U R U2 R' U' R U' R2,
10,U R U R U2 R2 U' R2 U' R2,
10,U R U R' F R' F' R2 U2 R',
10,U R U R' F' U' F R U R',
10,U R U R' F' U' F2 R' F' R,
10,U R U R' U' F' L' U' L F,
10,U R U R2 F R F' R U2 R',
10,U R U R2 U' R2 U' R2 U2 R,
10,U R U' B R' F R B' R' F',
10,U R U' F R' U R U' F' R',
10,U R U' F U F' R' F U' F',
10,U R U' F U R' U' R F' R',
10,U R U' F' U' F U F R' F',
10,U R U' L R' F R' F' L' R,
10,U R U' R U R2 U R2 U2 R2,
10,U R U' R' F R U R' U' F',
10,U R U' R' F R' F' R2 U R',
10,U R U' R' F U R U' R' F',
10,U R U' R' F' L' U2 L U' F,
10,U R U' R' F' U F R U R',
10,U R U' R' F' U F2 R' F' R,
10,U R U' R' F' U2 F R U2 R',
10,U R U' R2 F R F' R U R',
10,U R U' R2 F2 L F L' F R,
10,U R U' R2 U' R U' R' U2 R,
10,U R U' R2 U2 R U R' U R,
10,U R U2 R U R2 U R2 U2 R2,
10,U R U2 R U2 F R2 F' U2 R2,
10,U R U2 R U2 R' U' R U' R2,
10,U R U2 R' F' U F R U2 R',
10,U R U2 R2 F R2 U R' U' F',
10,U R U2 R2 U' F U R U' F',
10,U R U2 R2 U2 R2 U R2 U R,
10,U R' B2 F D' F D B2 F2 R,
10,U R' D' L F L' D R2 U2 R',
10,U R' F R F' U F R' F' R,
10,U R' F R F' U R' F R F',
10,U R' F R F2 U' F R U2 R',
10,U R' F R F2 U2 F R U R',
10,U R' F R F2 U2 F2 R' F' R,
10,U R' F R U2 F2 U' F2 U' F',
10,U R' F R2 U R' U' F2 U2 F,
10,U R' F' R' U2 R F R' U2 R2,
10,U R' F' U' F R2 U' R2 U2 R,
10,U R' F' U' F U R F' U2 F,
10,U R' F2 U' R F R' U F2 R,
10,U R' U' B' F R2 B F' U' R,
10,U R' U' F U R U' F2 U F,
10,U R' U' F' U F R F' U2 F,
10,U R' U' F' U F2 R F2 U2 F,
10,U R' U' R F' R' U R U' F,
10,U R' U' R' F R U R U' F',
10,U R' U' R' F R2 F' R' U R,
10,U R' U' R' U' R2 U R U R,
10,U R' U' R2 F R F' R2 U R,
10,U R' U' R2 U' R2 U2 R2 U2 R',
10,U R' U2 R U F' R' U R F,
10,U R2 D L' B L D' R' U' R',
10,U R2 D R' U R D' R' U2 R',
10,U R2 F' U2 F U2 F R F' R,
10,U R2 F2 R2 F' U F R2 F2 R2,
10,U R2 U R U R' U' R' U' R2,
10,U R2 U R' F' U2 F R U' R2,
10,U R2 U R' U R U2 R' U R',
10,U R2 U R2 F' U2 F R2 U' R2,
10,U R2 U2 F R F' U2 R' U R',
10,U R2 U2 F R F' U2 R' U' R',
10,U R2 U2 F R2 F' U2 R' U2 R',
10,U R2 U2 R F R2 F' R U2 R2,
10,U R2 U2 R U' R2 U R' U2 R2,
10,U R2 U2 R' U' R U' R' U R',
10,U R2 U2 R' U' R' U R2 U2 R2,
10,U R2 U2 R2 U' R U R U2 R2,
10,U R2 U2 R2 U' R2 U' R' U2 R',
10,U' B' F D R D' B F2 U F,
10,U' B' F R' F' R B F' U F,
10,U' F D B' R' B D' F2 U2 F,
10,U' F L2 R' D R' D' L2 R2 F',
10,U' F R F U2 F' R' F U2 F2,
10,U' F R U R' F2 U F2 U2 F',
10,U' F R U R' U' F' R U2 R',
10,U' F R' F' R U' F R' F' R,
10,U' F R' F' R U' R' F R F',
10,U' F R' F' R2 U R' F' U2 F,
10,U' F R' F' R2 U2 R' F' U' F,
10,U' F R' F' R2 U2 R2 F R F',
10,U' F R' F' U2 R2 U R2 U R,
10,U' F R' F2 U' F U R2 U2 R',
10,U' F R2 U F' R' F U' R2 F',
10,U' F U F R' F' U' F' U R,
10,U' F U F R' F2 R F U' F',
10,U' F U F U F2 U' F' U' F',
10,U' F U F' R F U' F' U R',
10,U' F U F2 R' F' R F2 U' F',
10,U' F U F2 U F2 U2 F2 U2 F,
10,U' F U L R' F2 L' R U F',
10,U' F U R U' R' F' R U2 R',
10,U' F U R U' R2 F' R2 U2 R',
10,U' F U R' U' F' U R2 U' R',
10,U' F U2 F' U' R F U' F' R',
10,U' F' L' B' U' B U' L U' F,
10,U' F' L' U L U' L' U L F,
10,U' F' L' U2 L F U' R U R',
10,U' F' L' U2 L U L' U' L F,
10,U' F' L2 D' L U L' D L2 F,
10,U' F' R F R' U R F' R' F,
10,U' F' R' F R F' U2 F' U2 F2,
10,U' F' R' F R U R' F' R F,
10,U' F' R' F U' F' U R U' F,
10,U' F' R' F' U' F2 U F' R F,
10,U' F' R' F2 U' F2 U F2 R F,
10,U' F' R' U' F U F' R U' F,
10,U' F' U B' F R' F R B F',
10,U' F' U B2 F' D2 U2 B2 F2 D2,
10,U' F' U F R B U2 B' U R',
10,U' F' U F R U' R' F' U' F,
10,U' F' U F R U' R2 F R F',
10,U' F' U F R U2 R' F' U2 F,
10,U' F' U F R' F R F2 U' F,
10,U' F' U F R' F' U' F U R,
10,U' F' U F R' U' F' U F R,
10,U' F' U F' U' F2 U' F2 U2 F2,
10,U' F' U F2 R' F' R F' U' F,
10,U' F' U F2 R2 B' R' B R' F',
10,U' F' U F2 U F' U F U2 F',
10,U' F' U F2 U2 F' U' F U' F',
10,U' F' U L' F R' F' L F R,
10,U' F' U R U R' U' R' F R,
10,U' F' U R' F U' F' U R F,
10,U' F' U R' U' F U F' R F,
10,U' F' U R' U' R F R' U R,
10,U' F' U' B F' D' L D B' F2,
10,U' F' U' B F' L F L' B' F,
10,U' F' U' F R U R' F' U' F,
10,U' F' U' F R U R2 F R F',
10,U' F' U' F R' F R F2 U2 F,
10,U' F' U' F U R B U B' R',
10,U' F' U' F' D' B L B' D F2,
10,U' F' U' F' U' F U' F' U2 F2,
10,U' F' U' F' U2 F U F' U F2,
10,U' F' U' F' U2 F2 U F2 U F2,
10,U' F' U' F' U2 R' F' R U2 F2,
10,U' F' U' F2 R' F' R F' U2 F,
10,U' F' U' F2 U F2 U F2 U2 F',
10,U' F' U' R U2 R' U2 R' F R,
10,U' F' U2 F R U' R' F' U2 F,
10,U' F' U2 F' U' F2 U' F2 U2 F2,
10,U' F' U2 F' U2 F U F' U F2,
10,U' F' U2 F' U2 R' F2 R U2 F2,
10,U' F' U2 F2 R' F2 U' F U R,
10,U' F' U2 F2 U R' U' F' U R,
10,U' F' U2 F2 U2 F2 U' F2 U' F',
10,U' F2 D' B L' B' D F U F,
10,U' F2 D' F U' F' D F U2 F,
10,U' F2 R U2 R' U2 R' F' R F',
10,U' F2 R2 F2 R U' R' F2 R2 F2,
10,U' F2 U' F R U2 R' F' U F2,
10,U' F2 U' F U' F' U2 F U' F,
10,U' F2 U' F' U' F U F U F2,
10,U' F2 U' F2 R U2 R' F2 U F2,
10,U' F2 U2 F U F U' F2 U2 F2,
10,U' F2 U2 F U F' U F U' F,
10,U' F2 U2 F' R' F2 R F' U2 F2,
10,U' F2 U2 F' U F2 U' F U2 F2,
10,U' F2 U2 F2 U F' U' F' U2 F2,
10,U' F2 U2 F2 U F2 U F U2 F,
10,U' F2 U2 R' F' R U2 F U F,
10,U' F2 U2 R' F' R U2 F U' F,
10,U' F2 U2 R' F2 R U2 F U2 F,
10,U' L F U F' U' L' F' U' F,
10,U' L F' L' U F U F U' F',
10,U' L F' L' U F U2 F U2 F',
10,U' L U' R2 B' R' B R' U L',
10,U' L' R B L U L' B' L R',
10,U' L' R B' R B L R' U R',
10,U' L' R R B' R' B L U R',
10,U' L' U' L F R U R2 F' R,
10,U' R B U B' U B U' B' R',
10,U' R B U2 B' R' U' R U R',
10,U' R F R' F' R U R U' R2,
10,U' R F R' F' U F R F' R',
10,U' R F R' U R U' F' U2 R',
10,U' R F U F' R' U F U2 F',
10,U' R F U R' U' R F' U2 R',
10,U' R F U' R' U R U F' R',
10,U' R F' R' F U F' R F R',
10,U' R F' U R' U R U2 F R',
10,U' R F' U2 R' U' R U' F R',
10,U' R U B' F R2 B R2 F' R',
10,U' R U L' R D B D' R2 L,
10,U' R U R D L' B L D' R2,
10,U' R U R D R' U R D' R2,
10,U' R U R' F R' F' R2 U' R',
10,U' R U R' F' U' F R U2 R',
10,U' R U R' F' U2 F R U R',
10,U' R U R' F' U2 F2 R' F' R,
10,U' R U R2 D' L F L' D R,
10,U' R U R2 F R F' R U' R',
10,U' R U R2 U' F' U F2 R F',
10,U' R U' B U' B' R' F' U' F,
10,U' R U' B U' L U' L' B' R',
10,U' R U' R' F R' F' R2 U' R',
10,U' R U' R' F' L' U' L U' F,
10,U' R U' R' F' U' F R U2 R',
10,U' R U' R' F' U2 F R U R',
10,U' R U' R' F' U2 F2 R' F' R,
10,U' R U' R2 D' L F L' D R,
10,U' R U' R2 F R F' R U' R',
10,U' R U' R2 U' F' U F2 R F',
10,U' R U2 L R2 D' F2 D L' R,
10,U' R U2 R' F R' F' R2 U' R',
10,U' R U2 R' F' U' F R U2 R',
10,U' R U2 R' F' U2 F R U R',
10,U' R U2 R' F' U2 F2 R' F' R,
10,U' R U2 R' U' R B' R B R2,
10,U' R U2 R' U' R2 B' R' B R',
10,U' R U2 R2 F R F' R U' R',
10,U' R U2 R2 U' F' U F2 R F',
10,U' R' D' F U' F U F' D R,
10,U' R' D' R U2 R' D R2 U' R',
10,U' R' F R F' U' F R' F' R,
10,U' R' F R F' U' R' F R F',
10,U' R' F R F2 U F R U' R',
10,U' R' F R F2 U F R U2 R',
10,U' R' F R F2 U' F R U' R',
10,U' R' F R F2 U2 F R U' R',
10,U' R' F R U R U' R2 F' R,
10,U' R' F R2 U R' U' F2 U' F,
10,U' R' F R2 U R' U' R' F' R,
10,U' R' F R2 U R2 U' F' U R,
10,U' R' F' R U R U' R' U' F,
10,U' R' F' R U2 R U2 R' U F,
10,U' R' F' U' F U R F' U' F,
10,U' R' F' U' F2 R F' R' U R,
10,U' R' F' U' F2 U R2 U' R' F',
10,U' R' F2 L F L' F R2 U' R',
10,U' R' F2 R U' F' U R' F2 R,
10,U' R' F2 R2 F U F' R2 F2 R,
10,U' R' F2 R2 F U' F' R2 F2 R,
10,U' R' F2 U' R F' R' U F2 R,
10,U' R' U B' F R2 B F' U R,
10,U' R' U' B' F R2 B F' U' R,
10,U' R' U' F U R U' F2 U2 F,
10,U' R' U' F' U F R F' U' F,
10,U' R' U' R F' R' U R U F,
10,U' R' U' R U' R' U2 R2 U' R',
10,U' R' U' R2 U' R2 U2 R2 U R',
10,U' R' U' R2 U' R2 U2 R2 U' R',
10,U' R' U2 R U R' U R2 U' R',
10,U' R' U2 R' U R' U' R U2 R,
10,U' R' U2 R2 U R2 U F R F',
10,U' R' U2 R2 U R2 U R2 U R',
10,U' R2 F R2 F' R U R2 U' R,
10,U' R2 F' U F2 R F2 U' F R2,
10,U' R2 F2 U2 F R' F' U2 F2 R2,
10,U' R2 U R' U R U2 R' U2 R',
10,U' R2 U R2 F' U F R2 U' R2,
10,U' R2 U R2 U R2 U2 R' U R',
10,U' R2 U R2 U R2 U2 R' U2 R',
10,U' R2 U2 R F R F' R2 U2 R2,
10,U' R2 U2 R F' R' U2 R F R,
10,U' R2 U2 R U' R' U R' U2 R2,
10,U' R2 U2 R' F R2 F' R' U2 R2,
10,U' R2 U2 R2 F R' F' R' U2 R2,
10,U' R2 U2 R2 U' R2 U' R' U' R',
10,U2 B L F L F2 L' F' L' B',
10,U2 B L2 F L' F' L F' L2 B',
10,U2 B U2 B2 R2 F R' B R' F',
10,U2 B' F R F' R F R' B F',
10,U2 B' F' L' B U2 B' L B F,
10,U2 B' R' B F' U2 B' F R' B,
10,U2 F R F' U' F' U F U' R',
10,U2 F R F' U2 F' U2 F U R',
10,U2 F R F' U2 F' U2 F U2 R',
10,U2 F R' F R U2 R U2 R' F2,
10,U2 F R' F' R U2 F R' F' R,
10,U2 F R' F' R U2 R' F R F',
10,U2 F R' F' R2 U R' F' U' F,
10,U2 F R' F' R2 U R2 F R F',
10,U2 F R' F' U' R2 U' R2 U2 R,
10,U2 F R' F2 U' F U R2 U' R',
10,U2 F R2 B' R' B R' F2 U' F,
10,U2 F R2 B' R2 F' R B U2 R',
10,U2 F R2 F' U R2 U' F R2 F',
10,U2 F R2 F2 R' U2 R F2 R2 F',
10,U2 F R2 U F' R2 F U' R2 F',
10,U2 F U F U F' U' F' U' F',
10,U2 F U F' U F U2 F2 U' F,
10,U2 F U F' U F U2 R' F' R,
10,U2 F U F' U F' U' F2 U' F',
10,U2 F U F2 R' F R F2 U' F',
10,U2 F U F2 U F U' F U' F',
10,U2 F U R U' R2 F' R2 U' R',
10,U2 F U R' U' F' U R2 U R',
10,U2 F U R' U' F2 U F2 R F',
10,U2 F U' B' U F2 U' B U' F,
10,U2 F U2 F U' F' U F' U2 F',
10,U2 F U2 F' U' F U' F2 U' F,
10,U2 F U2 F' U' F U' R' F' R,
10,U2 F U2 F' U' R' F R U' F',
10,U2 F U2 F2 U' F2 U' F2 U F,
10,U2 F U2 L F L' U2 F2 U' F,
10,U2 F' L' U L B' U F U' B,
10,U2 F' L' U2 L F U' R U' R',
10,U2 F' R F R' U2 R F' R' F,
10,U2 F' R U R' U R U2 R' F,
10,U2 F' R U R' U' R' F2 R F',
10,U2 F' R U R2 F R F2 U F2,
10,U2 F' R U2 R' U' R U' R' F,
10,U2 F' R' F R U2 R' F' R F,
10,U2 F' R' F' U' F U R U F,
10,U2 F' R' F' U' F U R U' F,
10,U2 F' R' F2 U' F U F2 R F,
10,U2 F' R' U F U2 F' U' R F,
10,U2 F' R' U' F' U F R U' F,
10,U2 F' R' U' R F2 R' F' U R,
10,U2 F' R' U' R U' R' U2 R F,
10,U2 F' R' U2 R F U' R' U' R,
10,U2 F' R' U2 R U F R' U R,
10,U2 F' R' U2 R U R' U R F,
10,U2 F' U B F' L F L' B' F,
10,U2 F' U F R U R' F' U F,
10,U2 F' U F R U' R' F' U F,
10,U2 F' U F R U2 R' F' U F,
10,U2 F' U F U' R2 B' R' B R',
10,U2 F' U F' U2 R' F R U2 F2,
10,U2 F' U F2 D B' R B D' F',
10,U2 F' U F2 U2 F2 U' F2 U' F',
10,U2 F' U R' F' U' F U R F,
10,U2 F' U R' U' F' U F R F,
10,U2 F' U' B' F R' F R B F',
10,U2 F' U' F R U' R' F' U2 F,
10,U2 F' U' F' U' F2 U' F2 U2 F2,
10,U2 F' U' F' U2 R' F2 R U2 F2,
10,U2 F' U' F2 R' F2 U' F U R,
10,U2 F' U' F2 U R' U' F' U R,
10,U2 F' U' F2 U2 F2 U' F2 U' F',
10,U2 F' U' R' U' F' U F R F,
10,U2 F' U2 F R U R2 F R F',
10,U2 F' U2 F R U' R' F' U' F,
10,U2 F' U2 F R U' R2 F R F',
10,U2 F' U2 F R U2 R' F' U2 F,
10,U2 F' U2 F R' F R F2 U' F,
10,U2 F' U2 F R' F' U' F U R,
10,U2 F' U2 F R' U' F' U F R,
10,U2 F' U2 F' U2 F2 U F2 U F2,
10,U2 F' U2 F2 R' F' R F' U' F,
10,U2 F' U2 F2 R2 B' R' B R' F',
10,U2 F' U2 F2 U F' U F U2 F',
10,U2 F' U2 F2 U2 F' U' F U' F',
10,U2 F' U2 F2 U2 L F L' U2 F',
10,U2 F' U2 R U R' U' R' F R,
10,U2 F' U2 R' F U' F' U R F,
10,U2 F' U2 R' U' F U F' R F,
10,U2 F' U2 R' U' R F R' U R,
10,U2 F2 L F L2 B L' B' L2 F,
10,U2 F2 R2 F U2 F U2 F2 R2 F2,
10,U2 F2 R2 F2 R U2 R' F2 R2 F2,
10,U2 F2 R2 U' F U' F' U2 R2 F2,
10,U2 F2 R2 U2 F U F' U R2 F2,
10,U2 F2 R2 U2 F2 U F2 U R2 F2,
10,U2 F2 R2 U2 R' F' R U2 R2 F2,
10,U2 F2 U' F R U R' F' U F2,
10,U2 F2 U' F U' F U F2 U F2,
10,U2 F2 U' F' U' F2 U F U F2,
10,U2 F2 U' F2 R' F' R2 U' R' F,
10,U2 F2 U' F2 U' F2 U2 F U F,
10,U2 F2 U2 F U2 F R' F' R F,
10,U2 F2 U2 F2 U F2 U F U' F,
10,U2 F2 U2 F2 U2 F R' F2 R F,
10,U2 F2 U2 R' F R U2 F U' F,
10,U2 F2 U2 R' F2 R U2 F U F,
10,U2 L F L' R U2 L R' F L',
10,U2 L R B L' U2 L B' L' R',
10,U2 L R' F' R F' R' F L' R,
10,U2 L' B' R' B' R2 B R B L,
10,U2 L' B2 R' B R B' R B2 L,
10,U2 L' U2 L2 F2 R' F L' F R,
10,U2 R B U' B' L U' R' U L',
10,U2 R B U2 B' R' U F' U F,
10,U2 R F R U R' U' F' U R',
10,U2 R F R U R' U' F' U' R',
10,U2 R F R' F' U2 F R F' R',
10,U2 R F R2 U R' U' R2 F' R',
10,U2 R F U F' R2 F R U' F',
10,U2 R F U F' U F U2 F' R',
10,U2 R F U R U' R' F' U R',
10,U2 R F U' R' U2 R U F' R',
10,U2 R F U2 F' R' U F U F',
10,U2 R F U2 F' U' F U' F' R',
10,U2 R F U2 F' U' R' F U' F',
10,U2 R F' R' F U2 F' R F R',
10,U2 R F' U' F U F R2 F' R,
10,U2 R F' U' F U' F' U2 F R',
10,U2 R F' U' F2 R' F' R2 U' R2,
10,U2 R F' U2 F U F' U F R',
10,U2 R U F U R U' R' F' R',
10,U2 R U L R' F R' F' L' R,
10,U2 R U R U R2 U R2 U2 R2,
10,U2 R U R U2 F R2 F' U2 R2,
10,U2 R U R' F' U F R U2 R',
10,U2 R U R2 F R2 U R' U' F',
10,U2 R U R2 U' F U R U' F',
10,U2 R U R2 U2 R2 U R2 U R,
10,U2 R U' F R U R' U' F' R',
10,U2 R U' F U R U' R' F' R',
10,U2 R U' L' R B' R' B L R',
10,U2 R U' R U2 F R' F' U2 R2,
10,U2 R U' R' F' U F R U' R',
10,U2 R U' R' F' U' F R U' R',
10,U2 R U' R' F' U2 F R U' R',
10,U2 R U' R' U F2 L F L' F,
10,U2 R U' R2 D' L F' L' D R,
10,U2 R U' R2 U2 R2 U R2 U R,
10,U2 R U2 F R' U R U' F' R',
10,U2 R U2 F U F' R' F U' F',
10,U2 R U2 F U R' U' R F' R',
10,U2 R U2 F' U' F U F R' F',
10,U2 R U2 R U2 R2 U' R2 U' R2,
10,U2 R U2 R' F R U R' U' F',
10,U2 R U2 R' F R' F' R2 U R',
10,U2 R U2 R' F U R U' R' F',
10,U2 R U2 R' F' U F R U R',
10,U2 R U2 R' F' U F2 R' F' R,
10,U2 R U2 R' F' U' F2 R' F' R,
10,U2 R U2 R' F' U2 F R U2 R',
10,U2 R U2 R2 F R F' R U R',
10,U2 R U2 R2 F2 L F L' F R,
10,U2 R U2 R2 U' R U' R' U2 R,
10,U2 R U2 R2 U2 B' R' B U2 R,
10,U2 R U2 R2 U2 R U R' U R,
10,U2 R' F R F' U2 F R' F' R,
10,U2 R' F R F' U2 R' F R F',
10,U2 R' F R F2 U' F R U R',
10,U2 R' F R F2 U' F2 R' F' R,
10,U2 R' F R U F2 U F2 U2 F',
10,U2 R' F R' F' U2 F' U2 F R2,
10,U2 R' F R2 U R' U' F2 U F,
10,U2 R' F' R U R U' R' U F,
10,U2 R' F' R U2 R U2 R' U' F,
10,U2 R' F' R U2 R U2 R' U2 F,
10,U2 R' F2 L F L' F R2 U R',
10,U2 R' F2 L F2 R F' L' U2 F,
10,U2 R' F2 R U' F2 U R' F2 R,
10,U2 R' F2 R2 F U2 F' R2 F2 R,
10,U2 R' F2 U' R F2 R' U F2 R,
10,U2 R' U L U' R2 U L' U R',
10,U2 R' U' F U R U' F2 U' F,
10,U2 R' U' F U R2 U' R2 F' R,
10,U2 R' U' F' U F2 R F2 U F,
10,U2 R' U' R U' R U R2 U R,
10,U2 R' U' R U' R' U2 F R F',
10,U2 R' U' R U' R' U2 R2 U R',
10,U2 R' U' R' U' R U R U R,
10,U2 R' U' R2 F R' F' R2 U R,
10,U2 R' U' R2 U' R' U R' U R,
10,U2 R' U2 B' R' B U2 R2 U R',
10,U2 R' U2 R U F R' F' U R,
10,U2 R' U2 R U R' U F R F',
10,U2 R' U2 R U R' U R2 U R',
10,U2 R' U2 R' U R U' R U2 R,
10,U2 R' U2 R2 U R2 U R2 U' R',
10,U2 R2 B' R' B2 L' B L B2 R',
10,U2 R2 F2 R' U2 R' U2 R2 F2 R2,
10,U2 R2 F2 R2 F' U2 F R2 F2 R2,
10,U2 R2 F2 U R' U R U2 F2 R2,
10,U2 R2 F2 U2 F R F' U2 F2 R2,
10,U2 R2 F2 U2 R' U' R U' F2 R2,
10,U2 R2 F2 U2 R2 U' R2 U' F2 R2,
10,U2 R2 U R U R2 U' R' U' R2,
10,U2 R2 U R' F' U' F R U' R2,
10,U2 R2 U R' U R' U' R2 U' R2,
10,U2 R2 U R2 F R F2 U F R',
10,U2 R2 U R2 U R2 U2 R' U' R',
10,U2 R2 U2 F R' F' U2 R' U R',
10,U2 R2 U2 F R2 F' U2 R' U' R',
10,U2 R2 U2 R' U2 R' F R F' R',
10,U2 R2 U2 R2 U' R2 U' R' U R',
10,U2 R2 U2 R2 U2 R' F R2 F' R',
11,B F2 L F L F' L2 B' F U' F,
11,B F2 L F L' B' F U F' U2 F,
11,B F2 L F L' B' F U2 F' U F,
11,B F2 L' F L' F' L B' F U' F,
11,B F2 L' F L2 F' L B' F U' F,
11,B L' B2 R B2 L B' U B' R' B,
11,B U' F' L' F' L F U L B' F,
11,B U2 F' U' F U2 B' U F' U' F,
11,B' F R B R2 F' R U' B U' B',
11,B' F R' B F2 U' F U B' R B,
11,B' F R' F' R U' B U' B' U2 B,
11,B' F2 D' F' R' F' R F D B F',
11,B' R' B U' B' R2 B U B' R B,
11,B' R' B U' F' U' F U B' R' B,
11,B' R' B U2 B' R' B U2 B' R B,
11,B' R' F R' F' R' B U B' R' B,
11,B' R' F R' F' R2 B U2 F' U' F,
11,B' R' F R2 B R' F' U' R' U R,
11,F R U R2 F R F U F2 U2 F',
11,F R' F' R B' R2 F R F' R B,
11,F R' F' R F R B' R B R2 F',
11,F R' F' R F U F' U F U2 F',
11,F R' F' R F' U F U' F' U F,
11,F R' F' R F' U' F U' F' U2 F,
11,F R' F' R F' U2 F U F' U F,
11,F R' F' R2 B' R' F R B R' F',
11,F R' F2 U F U' F' U2 F U R,
11,F R' F2 U' F U' R U R' U R,
11,F R' U2 F D F' U2 F D' F2 R,
11,F U F' U' F' U B L F L' B',
11,F' L' U2 L2 F' L' F2 U' F' U' F,
11,F' U B L' F' L' F L B' U2 F,
11,F' U B' R' F2 R' F2 R2 B U F,
11,F' U F U B F2 L F L' B' F,
11,F' U F U F' U F U' R U R',
11,F' U F U F' U' F U F' U F,
11,F' U F U F' U' F U F' U2 F,
11,F' U F U F' U' F U2 F' U F,
11,F' U F U F' U' L' U L U' F,
11,F' U F U' B' R F R' F' R' B,
11,F' U F U' F' U F U2 F' U F,
11,F' U F U' F' U2 F U' F' U F,
11,F' U F U' R U R' U R U R',
11,F' U F U' R U2 R' U' R U2 R',
11,F' U F U' R U2 R' U2 R U' R',
11,F' U F U2 B L2 F2 L' F2 L' B',
11,F' U F U2 F' U F U2 F' U' F,
11,F' U F U2 R U R' U R U' R',
11,F' U' B L' B' U2 B L B' U F,
11,F' U' B L' F' L' F L B' U' F,
11,F' U' B' U2 B F L R U2 L' R',
11,F' U' F U F' U F U2 R U R',
11,F' U' F U F' U' F U F' U' F,
11,F' U' F U F' U2 F U' R U' R',
11,F' U' F U R' U2 R2 U R2 U R,
11,F' U' F U' F U F' U F U2 F',
11,F' U' F U' F' U F U R U' R',
11,F' U' F U' R U' R' U R U' R',
11,F' U' F U2 F' U F U' F' U F,
11,F' U' F U2 F' U F U' F' U' F,
11,F' U' F U2 F' U' F U F' U' F,
11,F' U' F U2 F' U' F U2 F' U F,
11,F' U' F U2 F' U2 F U' R U R',
11,F' U' L' R' U2 L R B F U2 B',
11,F' U2 B' F R' F R B F2 U F,
11,F' U2 F U B L2 F2 L' F2 L' B',
11,F' U2 F U B' R B U2 B' R' B,
11,F' U2 F U' F' U F U' F' U2 F,
11,F' U2 F U' F' U' F U' F' U F,
11,F' U2 F U' F' U2 F U' R U R',
11,F' U2 F U' F' U2 F U2 F' U F,
11,F' U2 F U2 F' U2 F U2 F' U F,
11,F2 L' B' L F2 L' B L R U R',
11,L F L' U L F2 L' U' L F' L',
11,L F L' U R U R' U' L F L',
11,L F L' U2 L F L' U2 L F' L',
11,L F R' F R F L' U' L F L',
11,L F R' F R F2 L' U2 R U R',
11,L F R' F2 L' F R U F U' F',
11,L R' F L' R2 U R' U' L F' L',
11,L R' F R F' U L' U L U2 L',
11,L R' F' L' F2 R F' U L' U L,
11,L R2 D R F R F' R' D' L' R,
11,L' B L2 F' L2 B' L U' L F L',
11,L' R2 B R' B R B' L R' U R',
11,L' R2 B R' B2 R B' L R' U R',
11,L' R2 B' R' B L R' U' R U2 R',
11,L' R2 B' R' B L R' U2 R U' R',
11,L' R2 B' R' B' R B2 L R' U R',
11,L' U R B R B' R' U' B' L R',
11,L' U2 R U R' U2 L U' R U R',
11,R B U2 B2 R B R2 U R U R',
11,R U B F U2 B' F' L' R' U2 L,
11,R U L U2 L' R' B' F' U2 B F,
11,R U L' B L U2 L' B' L U' R',
11,R U L' B R B R' B' L U R',
11,R U R' U F' U F U' F' U F,
11,R U R' U R U' R' U' F' U F,
11,R U R' U R' U' R U' R' U2 R,
11,R U R' U' F U2 F2 U' F2 U' F',
11,R U R' U' R U R' U' R U R',
11,R U R' U' R U' R' U2 F' U' F,
11,R U R' U' R U2 R' U F' U F,
11,R U R' U2 R U R' U' R U R',
11,R U R' U2 R U R' U2 R U' R',
11,R U R' U2 R U' R' U R U R',
11,R U R' U2 R U' R' U R U' R',
11,R U R' U2 R U2 R' U F' U' F,
11,R U' L F R2 F R2 F2 L' U' R',
11,R U' L' B R B R' B' L U2 R',
11,R U' R' U F' U' F U' F' U' F,
11,R U' R' U F' U2 F U F' U2 F,
11,R U' R' U F' U2 F U2 F' U F,
11,R U' R' U L F' R' F R F L',
11,R U' R' U R U' R' U2 R U' R',
11,R U' R' U R U2 R' U R U' R',
11,R U' R' U' L' R2 B' R' B L R',
11,R U' R' U' R U B U' B' U R',
11,R U' R' U' R U R' U' R U' R',
11,R U' R' U' R U R' U' R U2 R',
11,R U' R' U' R U R' U2 R U' R',
11,R U' R' U' R U' R' U F' U' F,
11,R U' R' U2 F' U' F U' F' U F,
11,R U' R' U2 L' B2 R2 B R2 B L,
11,R U' R' U2 R U' R' U2 R U R',
11,R U2 L R' F R' F' L' R2 U' R',
11,R U2 R' U R U R' U R U' R',
11,R U2 R' U R U' R' U R U2 R',
11,R U2 R' U R U2 R' U F' U' F,
11,R U2 R' U R U2 R' U2 R U' R',
11,R U2 R' U' L F' L' U2 L F L',
11,R U2 R' U' L' B2 R2 B R2 B L,
11,R U2 R' U2 R U2 R' U2 R U' R',
11,R' F R F' L F2 R' F' R F' L',
11,R' F R F' R U R' U R U2 R',
11,R' F R F' R U' R' U R U' R',
11,R' F R F' R U2 R' U' R U' R',
11,R' F R F' R' F' L F' L' F2 R,
11,R' F R F' R' U' R U' R' U2 R,
11,R' F R F2 L F R' F' L' F R,
11,R' F R2 U R' U F' U' F U' F',
11,R' F R2 U' R' U R U2 R' U' F',
11,R' F U2 R' D' R U2 R' D R2 F',
11,R' F' U' F2 R' F' R' U' R2 U2 R,
11,R' U' R U R U' L' B' R' B L,
11,R2 B L B' R2 B L' B' F' U' F,
11,U B F' L' B' U B L B' U F,
11,U B U2 B' U2 B' R B2 U B' R',
11,U B' F R' F' R2 F R F' R' B,
11,U B' F R2 F' R' B U2 B' R' B,
11,U B' F2 R2 F2 R' F2 R' F2 R' B,
11,U B' R B R' U' F R' F' U R,
11,U B' R F R B F' U2 B' R' B,
11,U B' R' B F' U2 F U' B' R' B,
11,U F D B' F R2 B F' D' U2 F',
11,U F D U2 B' F R2 B F' D' F',
11,U F D' B F' L2 B' F D U2 F',
11,U F D' U2 B F' L2 B' F D F',
11,U F R' F R U' F U R' F2 R,
11,U F R' F' R F' U F R U2 R',
11,U F R' F' R2 U' R' U F' U F,
11,U F R' F' R2 U2 R' U F' U2 F,
11,U F R' F' R2 U2 R' U2 F' U F,
11,U F R' F' U' R F R' F' U R,
11,U F R' F2 R U R U' R' U2 F,
11,U F U F' R' F R U' F2 U' F,
11,U F U R U' R2 F' R F' U' F,
11,U F U R' F' R F U' F2 U' F,
11,U F' L U F U' F' L2 U' L F,
11,U F' L' U' L F2 R U R' U' F',
11,U F' L' U2 L U L' U' L U F,
11,U F' R U2 R' U' R U' R' U2 F,
11,U F' R' F U' F2 U F R U F,
11,U F' R' F2 U F2 U' F2 U' R F,
11,U F' R' F2 U' F2 U F2 R U F,
11,U F' R' U' R F R' F' U F R,
11,U F' R' U' R F R' U R2 U2 R',
11,U F' R' U' R F2 R' U R U' F',
11,U F' U B L' F' L' F L B' F,
11,U F' U F R' U2 R2 U R2 U R,
11,U F' U F R2 U2 F R2 F' U2 R2,
11,U F' U F U F R' F' R2 U2 R',
11,U F' U F U2 F' U' F2 R' F' R,
11,U F' U F U2 R U R' F' U' F,
11,U F' U R' F' U' F U R U2 F,
11,U F' U R' U' F' U F R U2 F,
11,U F' U' B L F' L' B' F U' F,
11,U F' U' B' F R F R' F' R' B,
11,U F' U' F L' U2 R U R' U2 L,
11,U F' U' F R U R' U R U R',
11,U F' U' F R U R' U' R U' R',
11,U F' U' F R U' R' U' R U2 R',
11,U F' U' F R U' R' U2 R U' R',
11,U F' U' F R U2 R' U R U R',
11,U F' U' F R U2 R' U' R U2 R',
11,U F' U' F R U2 R' U2 R U' R',
11,U F' U' F U' F' U' F R U R',
11,U F' U' F U' R U R2 F R F',
11,U F' U' F2 R' F' R U' R U R',
11,U F' U' F2 U R U' R' F2 U2 F,
11,U F' U' L' R B2 L' B2 L2 R' F,
11,U F' U' R F R' U R F' R' F,
11,U F' U' R' F U' F' U R U' F,
11,U F' U' R' F' U' F2 U F' R F,
11,U F' U2 B' F R B U' B' R' B,
11,U F' U2 B' F R F R' F' R' B,
11,U F' U2 F U F' U2 F2 R' F' R,
11,U F' U2 F U' R U2 R2 F R F',
11,U F' U2 F2 R U R' U' F2 U F,
11,U F' U2 F2 R' F' R U2 R U R',
11,U F' U2 R' U' R U' R' U2 R F,
11,U F' U2 R' U2 R U F R' U R,
11,U F2 R' F2 U' F2 U F R U' F2,
11,U F2 U R' F' R F U F' U2 F2,
11,U F2 U' F U F U' R' F' R F,
11,U F2 U' F U' F' R' F' R U2 F2,
11,U F2 U' F' U' R U2 R' F' U F',
11,U F2 U' F2 U' F2 R' F' R U2 F2,
11,U F2 U' F2 U' F2 U2 F2 R U2 R',
11,U F2 U' R U' F U F' R' U F2,
11,U F2 U2 F2 U F2 U F' R' F' R,
11,U F2 U2 F2 U F2 U F2 R U R',
11,U F2 U2 F2 U2 F R' F2 R U' F,
11,U F2 U2 R' F2 R U2 F2 R U R',
11,U L R' F R F' L' U' R U R',
11,U L R' F2 R F R' F R F L',
11,U L' R B' L U2 L' R B' L R2,
11,U R B U2 B' U' B U2 B' U' R',
11,U R B' U' R' U B U2 B U2 B',
11,U R B2 F' L' B' L F U' B' R',
11,U R F' U' F U F U R' U' F',
11,U R F' U' F U' F' U2 F U2 R',
11,U R F' U' F2 U F R' F' U' F',
11,U R F' U2 F U2 F R' F2 U' F,
11,U R U B L U2 L' U B' U' R',
11,U R U B U B' U' B U' B' R',
11,U R U F R' F' R U2 R U2 R2,
11,U R U L' R' B' R2 B' R2 B2 L,
11,U R U R' F' U' F U F' U2 F,
11,U R U R' F' U' F U2 F' U F,
11,U R U R' F' U2 F U' R U R',
11,U R U R' U2 F' U2 F2 R' F' R,
11,U R U R2 F R F' U R U R',
11,U R U' F R' U R2 U' R' F' R',
11,U R U' F R2 F' R U2 R2 U2 R2,
11,U R U' F R2 U R U' R2 F' R',
11,U R U' L R' F R' F R F2 L',
11,U R U' L' R' B' R B' R' B2 L,
11,U R U' R' F R' F2 U' F U R,
11,U R U' R' F R2 B' R' B R' F',
11,U R U' R' F U R' U' F' U R,
11,U R U' R' F' U F U' F' U F,
11,U R U' R' F' U2 F U F' U' F,
11,U R U' R' F2 U' F2 U' F2 U2 F2,
11,U R U' R' U F' U F R U R',
11,U R U' R' U R U R' F' U2 F,
11,U R U' R' U R' U' F' U F R,
11,U R U' R' U' F R' F' R2 U' R',
11,U R U' R' U' R U R' F' U F,
11,U R U' R' U' R U' R' F' U F,
11,U R U' R' U' R U2 R' F' U F,
11,U R U' R' U' R' U' F' U F R,
11,U R U' R' U2 F R U R' U' F',
11,U R U' R' U2 R' F R F2 U2 F,
11,U R U2 F U2 F' U' F U' F' R',
11,U R U2 L R' F' L' U2 L F L',
11,U R U2 L' R' B2 R2 B R2 B L,
11,U R U2 R' F' U F U R U R',
11,U R U2 R' F' U' F R' F R F',
11,U R U2 R' F' U' F U R U' R',
11,U R U2 R' F' U' F U2 R U2 R',
11,U R U2 R' U F' U2 F R U R',
11,U R U2 R' U' R U2 R' F' U' F,
11,U R U2 R' U2 F' U F R U2 R',
11,U R U2 R' U2 R U' R' F' U2 F,
11,U R U2 R2 F R F' U2 R U R',
11,U R' D U2 L' R B2 L R' D' R,
11,U R' D' L R' F2 L' R D U2 R,
11,U R' F R F2 U F U F' U F,
11,U R' F R F2 U' F U F' U F,
11,U R' F R F2 U2 F U' F' U2 F,
11,U R' F2 R U' F' U R' F' R F',
11,U R' U' F R F' R' U F R F',
11,U R' U' F U F' R2 F U' F' R',
11,U R' U' F U R U' F' R U R',
11,U R' U' R' F R2 F' U' R' U2 R,
11,U R' U' R' F' R U R2 U' R' F,
11,U R' U2 R2 U R2 F' U F2 R F',
11,U R2 L' U' L U' F2 R' F2 U2 R2,
11,U R2 U R' F' U F U R U2 R2,
11,U R2 U R' U' R' U' F R F' R',
11,U R2 U' F R U R2 U' R2 F' R2,
11,U R2 U' R2 F' R' U R U' F R,
11,U R2 U2 F R' F' R' U' R U' R2,
11,U R2 U2 L' B' R' B L R U2 R2,
11,U R2 U2 R' U' F' U' F R U' R2,
11,U R2 U2 R' U' R U' R2 F' U2 F,
11,U R2 U2 R' U2 R' F R F' U' R',
11,U' B F' L B' U2 B F' L B' F2,
11,U' B' F R' F' R B U F' U' F,
11,U' B' F R2 F' R' F R' F' R' B,
11,U' F D B' F R2 B F' D' U2 F',
11,U' F D' U2 B F' L2 B' F D F',
11,U' F R' F' R2 U R' U' R U' R',
11,U' F R' F' R2 U' R' U' R U' R',
11,U' F R' F' R2 U2 R' U R U2 R',
11,U' F R2 F' U R U' F R F' R,
11,U' F U F R F' U' F2 U F R',
11,U' F U F R' F2 R U F U2 F',
11,U' F U R' F' R F U' R' F' R,
11,U' F U R' U' F' U R F' U' F,
11,U' F U R' U' R F2 R' U R F,
11,U' F U2 F2 U' F2 R U' R2 F' R,
11,U' F' L U F U' L' U2 L' U2 L,
11,U' F' L' U2 L U L' U2 L U F,
11,U' F' L2 R B L B' R' U L F,
11,U' F' R U R' U R U2 R' U2 F,
11,U' F' R U R' U' R' U' F U R,
11,U' F' R U R2 U' R' F R U R,
11,U' F' R U2 R' U2 R' F R2 U R',
11,U' F' U B F L F' L F L2 B',
11,U' F' U B' F R' F R' F' R2 B,
11,U' F' U F R U' R' U R U' R',
11,U' F' U F R U2 R' U' R U R',
11,U' F' U F R' F R2 U R' U' F',
11,U' F' U F R' F2 L F L' F R,
11,U' F' U F R' U' F U R U' F',
11,U' F' U F R2 U R2 U R2 U2 R2,
11,U' F' U F U F U R U' R' F',
11,U' F' U F U F' U F R U' R',
11,U' F' U F U F' U' F R U' R',
11,U' F' U F U F' U2 F R U' R',
11,U' F' U F U R' F R F2 U F,
11,U' F' U F U' F U R U' R' F',
11,U' F' U F U' F' U' F R U2 R',
11,U' F' U F U' R U' R' F' U' F,
11,U' F' U F U2 F R' F' R2 U2 R',
11,U' F' U F U2 R' F' U' F U R,
11,U' F' U R' F U' F2 U F R F,
11,U' F' U R' F2 R F' U2 F2 U2 F2,
11,U' F' U R' F2 U' F' U F2 R F,
11,U' F' U' B F L F2 L F2 L2 B',
11,U' F' U' F R U R' U' R U2 R',
11,U' F' U' F R U R' U2 R U' R',
11,U' F' U' F R U2 R' U F' U' F,
11,U' F' U' F U2 R U2 R2 F R F',
11,U' F' U' F2 R' F' R U' F' U' F,
11,U' F' U' L' B' U2 B U' L U F,
11,U' F' U' L' U' L U L' U L F,
11,U' F' U' R' F R F' U2 F' U2 F2,
11,U' F' U2 B F L2 F2 L' F2 L' B',
11,U' F' U2 B' F R B U2 B' R' B,
11,U' F' U2 F R U R' F R' F' R,
11,U' F' U2 F R U R' U' F' U F,
11,U' F' U2 F R U R' U2 F' U2 F,
11,U' F' U2 F R U' R' U' F' U' F,
11,U' F' U2 F U F' U2 F R U R',
11,U' F' U2 F U' R U2 R' F' U' F,
11,U' F' U2 F U2 F' U F R U2 R',
11,U' F' U2 F U2 R U' R' F' U2 F,
11,U' F' U2 F2 R' F' R U2 F' U' F,
11,U' F' U2 R' U2 R U R' U R F,
11,U' F2 B U B' U R2 F R2 U2 F2,
11,U' F2 U F2 R F U' F' U R' F',
11,U' F2 U R' F' U' F2 U F2 R F2,
11,U' F2 U' F R U' R' U' F' U2 F2,
11,U' F2 U' F U F U R' F' R F,
11,U' F2 U2 B L F L' B' F' U2 F2,
11,U' F2 U2 F U F' U F2 R U2 R',
11,U' F2 U2 F U R U R' F' U F2,
11,U' F2 U2 F U2 F R' F' R U F,
11,U' F2 U2 R' F R F U F' U F2,
11,U' L F L' R U2 R' U L F L',
11,U' L F' L' F U R' F R U' F',
11,U' L F' R' F' L' R U2 L F L',
11,U' L R' F R F2 R' F' R F L',
11,U' L R' F2 R F L' U2 L F L',
11,U' L R2 F2 R2 F R2 F R2 F L',
11,U' L' R B L U' L' B' L U' R',
11,U' L' U2 L U2 L F' L2 U' L F,
11,U' R B U B' R2 F' U' F U R,
11,U' R B U2 B' U' B U B' U' R',
11,U' R B' U' R' U R B2 U B' R',
11,U' R F R' U R2 U' R' F' U' R',
11,U' R F R2 U R2 U' R2 F' U' R',
11,U' R F R2 U' R2 U R2 U F' R',
11,U' R F U F' R' F R U' R' F',
11,U' R F U F' R' F U' F2 U2 F,
11,U' R F U F' R2 F U' F' U R,
11,U' R F' U2 F U F' U F U2 R',
11,U' R U B F' L2 B L2 B2 F R',
11,U' R U F R U R2 U' R F' R',
11,U' R U F R' U R U' F' U R',
11,U' R U F' R' F U' F' R F R',
11,U' R U L R' F' R' F R F L',
11,U' R U L' B' R B L R' U R',
11,U' R U R' B U2 F' U' F U2 B',
11,U' R U R' F' U F U F' U2 F,
11,U' R U R' F' U F U2 F' U F,
11,U' R U R' F' U' F U F' U F,
11,U' R U R' F' U' F U' F' U' F,
11,U' R U R' F' U2 F U F' U2 F,
11,U' R U R' F' U2 F U' F' U' F,
11,U' R U R' F' U2 F U2 F' U F,
11,U' R U R' U F' U' F2 R' F' R,
11,U' R U R' U R U R' F' U' F,
11,U' R U R2 F R F' U F' U' F,
11,U' R U R2 U' F' U F R2 U2 R',
11,U' R U' F R U R' U' F' U2 R',
11,U' R U' F U R U' R' F' U2 R',
11,U' R U' L' B R B R' B' L R',
11,U' R U' R' F U2 F2 U' F2 U' F',
11,U' R U' R' F2 U2 R' F2 R U2 F2,
11,U' R U' R' U' R' F R F2 U2 F,
11,U' R U' R' U2 F' U' F R U R',
11,U' R U' R' U2 R U R2 F R F',
11,U' R U2 F U F' U F U2 F' R',
11,U' R U2 F U2 F' U' R' F U' F',
11,U' R U2 L R' F' L' U L F L',
11,U' R U2 L R' F' R' F R F L',
11,U' R U2 R' U F' U2 F2 R' F' R,
11,U' R U2 R' U' R U2 R2 F R F',
11,U' R U2 R2 F R F' U2 F' U' F,
11,U' R U2 R2 F' U' F U R2 U' R',
11,U' R' D L' R B2 L R' D' U2 R,
11,U' R' D U2 L' R B2 L R' D' R,
11,U' R' D' L R' F2 L' R D U2 R,
11,U' R' D' U2 L R' F2 L' R D R,
11,U' R' F R F' R U' R' F' U2 F,
11,U' R' F R F2 U F U' R U' R',
11,U' R' F R F2 U2 F U' R U2 R',
11,U' R' F R F2 U2 F U2 R U' R',
11,U' R' F R U F' R' F R U' F',
11,U' R' F R' F' U R' U' F R2 F',
11,U' R' F R2 F' U' F' U F U2 R',
11,U' R' U' F R F' R' U R2 U R',
11,U' R' U' F' U F2 R F' R U R',
11,U' R' U' R F R' F' U R2 U R',
11,U' R2 F R2 U R2 U' R' F' U R2,
11,U' R2 U F' U R' U' R F U' R2,
11,U' R2 U R U F' U2 F R U' R,
11,U' R2 U R' U R F R F' U2 R2,
11,U' R2 U R' U' R' U F R F' R',
11,U' R2 U R2 U R2 F R F' U2 R2,
11,U' R2 U R2 U R2 U2 R2 F' U2 F,
11,U' R2 U' F R F' R' U' R U2 R2,
11,U' R2 U2 F R2 F' U2 R2 F' U' F,
11,U' R2 U2 R2 U' R2 U' R F R F',
11,U' R2 U2 R2 U' R2 U' R2 F' U' F,
11,U' R2 U2 R2 U2 R' F R2 F' U R',
11,U2 B F' L' B' U2 B L B' U2 F,
11,U2 B L2 F' L' F L' B' F' U' F,
11,U2 B U' F' U B' F U F' U F,
11,U2 B' F R B R2 F' R' F R2 F',
11,U2 B' R B U2 B' F R' F' R' B,
11,U2 B' R F R' F' R2 F R B F',
11,U2 B' R' F R B F' U' F' U' F,
11,U2 F R U R' U' F' U R U R',
11,U2 F R U R2 U' F' U R2 U R',
11,U2 F R' F' R' U2 F R2 F' U2 R2,
11,U2 F R' F' R2 U' R' U2 R U R',
11,U2 F R' F2 U' F U R F' U F,
11,U2 F R2 F' U2 F' U2 F R' U2 R',
11,U2 F U F' R U F U2 F' U2 R',
11,U2 F U R U' R' F' U' F' U2 F,
11,U2 F U R' F' R2 F U' F' U2 R',
11,U2 F U R' F' R2 U F U2 F' R',
11,U2 F U2 F2 U' F2 U' F' R U2 R',
11,U2 F' L F U F' U' L2 U2 L F,
11,U2 F' L' B L' B' L2 F2 R' F' R,
11,U2 F' L' U2 L U' F U R U' R',
11,U2 F' R' F R U' F' U' F' U F2,
11,U2 F' R' F2 U' F' U F2 R U2 F,
11,U2 F' R' U F2 U F2 U' F2 R F,
11,U2 F' R' U' R U' R' U2 R U2 F,
11,U2 F' R' U2 R U R' U R U2 F,
11,U2 F' U F L F' L' U L F L',
11,U2 F' U F R U R' U' F' U2 F,
11,U2 F' U F R U' R' U' R U' R',
11,U2 F' U F R U' R' U2 F' U' F,
11,U2 F' U F R U2 R' U R U2 R',
11,U2 F' U F U B' F R' F' R B,
11,U2 F' U F U B' R' F R B F',
11,U2 F' U F U L F R' F' L' R,
11,U2 F' U F U R U2 R2 F R F',
11,U2 F' U F2 R U R' U' F2 U2 F,
11,U2 F' U F2 U F' R' F R U' F',
11,U2 F' U R' F U' F' U R U F,
11,U2 F' U R' U' F U F' R U F,
11,U2 F' U' B F L2 F2 L' F2 L' B',
11,U2 F' U' B' F R B U2 B' R' B,
11,U2 F' U' F R U R' U F' U' F,
11,U2 F' U' F R U' R' U F' U' F,
11,U2 F' U' F R' F R F' R U' R',
11,U2 F' U' F U F' U F R U2 R',
11,U2 F' U' F U R U' R' F' U2 F,
11,U2 F' U' F U' F' U' F2 R' F' R,
11,U2 F' U' F U' R U R' F' U' F,
11,U2 F' U' F U2 R U2 R' F' U' F,
11,U2 F' U' F2 R' F' R U F' U2 F,
11,U2 F' U' F2 R' F' R U2 F' U F,
11,U2 F' U' R' F2 U' F2 U F2 R F,
11,U2 F' U2 B F L2 F' L' F L' B',
11,U2 F' U2 F R U R' U R U' R',
11,U2 F' U2 F R U R' U2 R U2 R',
11,U2 F' U2 F R U' R' U' R U R',
11,U2 F' U2 F R2 U2 R2 U' R2 U' R2,
11,U2 F' U2 F U' F U R U' R' F',
11,U2 F' U2 F U' R U' R' F' U' F,
11,U2 F' U2 R F R' U2 R F' R' F,
11,U2 F' U2 R U R' U R U2 R' F,
11,U2 F' U2 R U R' U' R' F2 R F',
11,U2 F' U2 R U2 R' U' R U' R' F,
11,U2 F' U2 R' F' U' F U R U' F,
11,U2 F' U2 R' U' F' U F R U' F,
11,U2 F2 U' R F U' F' U R' U F2,
11,U2 F2 U2 F' U' R U' R' F' U F',
11,U2 F2 U2 R' F R U2 F' R' F' R,
11,U2 F2 U2 R' F R U2 F2 R U2 R',
11,U2 F2 U2 R' F2 R U2 F' R' F' R,
11,U2 L F R' F' L' R U R U R',
11,U2 L F' L' U2 L R' F R F L',
11,U2 L F' R' F R F2 R' F' L' R,
11,U2 L R' F' L' F2 R F R' F2 R,
11,U2 L' B2 R B R' B L R U R',
11,U2 L' R B L U2 L' B' L U2 R',
11,U2 L' U R U' L R' U' R U' R',
11,U2 R B L' B L B2 R2 F R F',
11,U2 R B U2 B' U R' U' F' U F,
11,U2 R B' R' U' R U B2 U2 B' R',
11,U2 R F R' F' U R U R U' R2,
11,U2 R F R2 U R U' R2 F' U2 R',
11,U2 R F U F' U F U2 F' U2 R',
11,U2 R F U' R2 U' R2 U R2 F' R',
11,U2 R F U2 F' U' F U' F' U2 R',
11,U2 R U F R2 U R2 U' R2 F' R',
11,U2 R U L R' F' L' U2 L F L',
11,U2 R U L' R' B2 R2 B R2 B L,
11,U2 R U R' F R' F' R F' U F,
11,U2 R U R' F' U F U' R U R',
11,U2 R U R' F' U' F U' R U R',
11,U2 R U R' U F' U' F R U R',
11,U2 R U R' U R U R2 F R F',
11,U2 R U R' U' F' U F R U2 R',
11,U2 R U R' U' R U' R' F' U2 F,
11,U2 R U R' U2 F' U2 F R U R',
11,U2 R U R2 F R F' U' R U2 R',
11,U2 R U R2 F R F' U2 R U' R',
11,U2 R U' F R' U R U' F' U' R',
11,U2 R U' F U R' U' R F' U' R',
11,U2 R U' R' B' R B U' B' R' B,
11,U2 R U' R' F' U F U F' U F,
11,U2 R U' R' F' U F U2 R U R',
11,U2 R U' R' F' U' F U R U2 R',
11,U2 R U' R' F' U2 F U' F' U2 F,
11,U2 R U' R' U' B' R' F R B F',
11,U2 R U' R' U' F' U2 F2 R' F' R,
11,U2 R U' R' U' L F R' F' L' R,
11,U2 R U' R' U' L R' F R F' L',
11,U2 R U' R2 F' U' F U R2 U2 R',
11,U2 R U' R2 U' R F R' F' U R,
11,U2 R U2 F R U R' U' F' U R',
11,U2 R U2 F U R U' R' F' U R',
11,U2 R U2 F' R' F U2 F' R F R',
11,U2 R U2 F' U' F U F R2 F' R,
11,U2 R U2 F' U' F U' F' U2 F R',
11,U2 R U2 F' U2 F U F' U F R',
11,U2 R U2 L' R' B2 R B R' B L,
11,U2 R U2 R' F' U F U F' U' F,
11,U2 R U2 R' F' U' F U' F' U F,
11,U2 R U2 R' F' U' F U2 F' U2 F,
11,U2 R U2 R' F2 U2 F2 U F2 U F2,
11,U2 R U2 R' U F' U F R U R',
11,U2 R U2 R' U R' U' F' U F R,
11,U2 R' F R F U2 R' F2 R U2 F2,
11,U2 R' F R F2 U F U2 F' U' F,
11,U2 R' F R2 U R' U' F' R U' R',
11,U2 R' F' U' F U R U' F' U' F,
11,U2 R' F' U' F2 U R U' F2 U' F,
11,U2 R' F2 R U2 R U2 R' F U2 F,
11,U2 R' U' F R F2 R' U R U2 F,
11,U2 R' U' F R F2 U' R' U2 R F,
11,U2 R' U' F' U F R U R U2 R',
11,U2 R' U' R F' U' R' U2 R U2 F,
11,U2 R' U2 R2 U R2 U R F' U2 F,
11,U2 R2 U F' R' U R U' F U' R2,
11,U2 R2 U2 F R' F' U2 R F R F',
11,U2 R2 U2 F R' F' U2 R2 F' U2 F,
11,U2 R2 U2 F R2 F' U2 R F R F',
11,U2 R2 U2 R U F' U F R U' R,
12,B' F R' B F' F' U' F U B' R B,
12,B' F R' F' R B R' F' U' F U R,
12,B' F R' F' R B2 U2 B' U' B U' B',
12,F R' F' R F' U2 F U2 F R' F' R,
12,F R' F' R U F R2 B' R' B R' F',
12,F R' F' R U' F U F' U F U2 F',
12,F R' F' R U2 F' U' F U' F' U2 F,
12,F R' F' U' F R' F' R2 U' R' U2 R,
12,F R' F' U' F U F' R U F U2 F',
12,F R' F' U' F' U F U' F' U F R,
12,F U2 F' U' F' U F2 U' R U' R' F',
12,F' U' B F2 U2 B' F' L' R' U2 L R,
12,F' U' F U F' U' F U R' F R F',
12,F' U' F U' F' U F' L' U' L U F2,
12,F' U' L R U2 L' R' B' F' U2 B F2,
12,L R' F L' R R U R' U' L F' L',
12,L R' F R F' L' F R U R' U' F',
12,L R' F R F' L2 U2 L U L' U L,
12,R U B' F' U2 B F L R U2 L' R2,
12,R U L' R2 U2 L R B F U2 B' F',
12,R U R' U R U' R B U B' U' R2,
12,R U R' U' R U R' U' F R' F' R,
12,R' F R F' R U2 R' U2 R' F R F',
12,R' F R F' U R' U' R U' R' U2 R,
12,R' F R F' U' R' F2 L F L' F R,
12,R' F R F' U2 R U R' U R U2 R',
12,R' F R U R U' R' U R U' R' F',
12,R' F R U R' F R F2 U F U2 F',
12,R' F R U R' U' R F' U' R' U2 R,
12,R' U2 R U R U' R2 U F' U F R,
12,U B U2 F2 L F2 U2 F' L' B' U' F,
12,U B' R' B U2 F' U B' F2 R' B F',
12,U B' R' B U2 F' U F2 B' R' B F',
12,U F D2 U L' R B2 L R' D2 U F',
12,U F D2 U' L' R B2 L R' D2 U' F',
12,U F R' F' R' B' R' B R' F' U' F,
12,U F' L' B' U' B U B' U' B L F,
12,U F' L' U' L U' F U F R' F' R,
12,U F' L' U2 L U L' B L' B' L2 F,
12,U F' L' U2 L U' F R2 B' R' B R',
12,U F' U F U F' U F U' R U2 R',
12,U F' U F U R U' R' U R U2 R',
12,U F' U F U2 B F2 L F L' B' F,
12,U F' U R U' L' U R' U L U F,
12,U F' U' F U F' U F U2 R U' R',
12,U F' U' F U R U' R' U R U2 R',
12,U F' U' F U' F' U F' L F L' F,
12,U F' U2 F U' R' F R2 U R' U' F',
12,U F' U2 F U2 B F2 L F L' B' F,
12,U F2 L F U2 L' U' L U' L' U F,
12,U L' U2 R U L U' L' U R' U2 L,
12,U R B U' B' R2 U2 R U R' U R,
12,U R B' R B R' B' R B R' U' R',
12,U R B' U' R' U R B2 U B' U' R',
12,U R B2 R' U R2 B' R2 U' R B2 R',
12,U R U L R2 F' R F' R' F L' R,
12,U R U R' F R' F' R U' R U' R',
12,U R U R' U' R U R' U' R U' R',
12,U R U R' U' R' D' L F' L' D R,
12,U R U R' U2 F R' F2 U' F U R,
12,U R U R' U2 R' F R2 U R' U' F',
12,U R U R' U2 R' U' F U R U' F',
12,U R U R2 F R F' U2 R' F R F',
12,U R U R2 L F' R F' R' F L' R,
12,U R U R2 U' R U' R' U2 F R F',
12,U R U' B U B' U' B U B' U' R',
12,U R U' R D R' U R D' R' U' R',
12,U R U' R' U R' U' R U' R' U2 R,
12,U R U' R' U' L' B' R B' R' B2 L,
12,U R U' R' U' R U R' U R U2 R',
12,U R U' R' U' R U' R' U R U' R',
12,U R U' R' U' R' F2 L F L' F R,
12,U R U' R2 F R U R' U' F' U R,
12,U R U' R2 F' U F U' F' U' F R,
12,U R U' R2 U' F U R U' R' F' R,
12,U R U' R2 U2 R2 B' R' B R' U2 R,
12,U R U2 R2 D' L F L' D R2 U R',
12,U R' D2 U B F' L2 B' F D2 U R,
12,U R' U' F' U F R2 U R' F' U' F,
12,U R2 B' R' B U' R2 U' F' U F R,
12,U R2 U R2 U R2 U2 R' B U B' R',
12,U U R B L' B L B2 R2 F R F',
12,U' B U2 F' U' B' U B U' F U2 B',
12,U' F D2 U' L' R B2 L R' D2 U' F',
12,U' F U R U' R' F2 U' F R U R',
12,U' F' L F' L' F L F' L' F U F,
12,U' F' L U F U' F' L2 U' L U F,
12,U' F' L' U L F2 U2 F' U' F U' F',
12,U' F' L2 F U' F2 L F2 U F' L2 F,
12,U' F' U F U B L F' L F L2 B',
12,U' F' U F U F R2 B' R' B R' F',
12,U' F' U F U F' U F U' F' U F,
12,U' F' U F U F' U' F U' F' U2 F,
12,U' F' U F U' F U F' U F U2 F',
12,U' F' U F' D' F U' F' D F U F,
12,U' F' U F2 R U' R' U R U R' F',
12,U' F' U F2 R' F' U' F U R U' F',
12,U' F' U F2 U R' U' F' U F R F',
12,U' F' U F2 U2 F2 L F L' F U2 F',
12,U' F' U L' U' L U L' U' L U F,
12,U' F' U' B' F2 R F' R F R' B F',
12,U' F' U' F R' F R F' U F' U F,
12,U' F' U' F U F D B' R B D' F',
12,U' F' U' F U F' U' F U F' U F,
12,U' F' U' F U2 F R' F2 U' F U R,
12,U' F' U' F U2 F U R' U' F' U R,
12,U' F' U' F U2 R' F R2 U R' U' F',
12,U' F' U' F2 B' R F' R F R' B F',
12,U' F' U' F2 R' F' R U2 F R' F' R,
12,U' F' U' F2 U F' U F U2 R' F' R,
12,U' F' U2 F2 D B' R' B D' F2 U' F,
12,U' F2 L F L' U F2 U R U' R' F',
12,U' F2 U' F2 U' F2 U2 F L' U' L F,
12,U' L F L' U2 R U' L R2 F L' R,
12,U' L F L' U2 R U' R2 L F L' R,
12,U' L' U2 R2 B' R2 U2 R B L U R',
12,U' R B L U L' U' L U L' B' R',
12,U' R B U B' U R' U' R' F R F',
12,U' R B U2 B' U R' F2 L F L' F,
12,U' R B U2 B' U' B L' B L B2 R',
12,U' R U R' U R U' R B' R' B R',
12,U' R U R' U' F' U F U' F' U2 F,
12,U' R U R' U' R U' R' U2 F' U F,
12,U' R U' F' U B U' F U' B' U' R',
12,U' R U' R' U' F' U F U' F' U2 F,
12,U' R U' R' U' R U' R' U F' U2 F,
12,U' R U' R' U2 L' R2 B' R' B L R',
12,U' R U2 R' U F R' F2 U' F U R,
12,U' R U2 R' U2 L' R2 B' R' B L R',
12,U' R' D2 U B F' L2 B' F D2 U R,
12,U' R' D2 U' B F' L2 B' F D2 U' R,
12,U' R' F R F L F L' F R U R',
12,U' R2 B' R' U2 B U B' U B U' R',
12,U' U' F' L' B L' B' L2 F2 R' F' R,
12,U2 B F' U' B' U2 B F L U' L' B',
12,U2 B F' U' F U B' R2 B' R' B R',
12,U2 B F2 L F L' B' U L' U L F,
12,U2 B' R F' U F U' R F R' B F',
12,U2 F R' F' L F' R F' R' F L' R,
12,U2 F R' F' R B L F2 L F2 L2 B',
12,U2 F R' F' R2 B U B' R' F' U2 F,
12,U2 F R' F' R2 F' U2 F U2 F R' F',
12,U2 F' U F U F R' F2 U' F U R,
12,U2 F' U F U' F R' F' R F' U2 F,
12,U2 F' U F U' F' U F U' F' U2 F,
12,U2 F' U F U' F' U F U' R U2 R',
12,U2 F' U F U' F2 L' B L' B' L2 F2,
12,U2 F' U F U' R U' R' U F' U2 F,
12,U2 F' U F2 U F R' F2 R F U' F',
12,U2 F' U L' U2 L U L' U2 L U F,
12,U2 F' U' F2 D B' R B D' F2 U' F,
12,U2 F' U' F2 D B' R' B D' F2 U' F,
12,U2 F' U2 F U F' U' F U F' U' F,
12,U2 F' U2 F U' B L2 F' L' F L' B',
12,U2 F' U2 F2 R' F' U' F U R U' F',
12,U2 F' U2 F2 R' F2 L F2 R F2 L' F,
12,U2 F' U2 L F U F' L' F L U' L',
12,U2 L F' R U' R' U F' R' F L' R,
12,U2 L' R U L U2 L' R' B' U B L,
12,U2 L' R U R' U' L F2 L F L' F,
12,U2 L' R2 B' R' B L U' B U' B' R',
12,U2 R U R2 D' L F L' D R2 U R',
12,U2 R U R2 D' L F' L' D R2 U R',
12,U2 R U' B U2 B' U' B U2 B' U' R',
12,U2 R U' R' U F' U F U' R U2 R',
12,U2 R U' R' U R U' R' U F' U2 F,
12,U2 R U' R' U R U' R' U R U2 R',
12,U2 R U' R' U R' F R F' R U2 R',
12,U2 R U' R' U R2 B L' B L B2 R2,
12,U2 R U' R' U' R' F R2 U R' U' F',
12,U2 R U' R2 U' R' F R2 F' R' U R,
12,U2 R U2 B' R' U' R B R' B' U B,
12,U2 R U2 R' U L' B2 R B R' B L,
12,U2 R U2 R' U' R U R' U' R U R',
12,U2 R U2 R2 F R U R' U' F' U R,
12,U2 R U2 R2 F R2 B' R2 F' R2 B R',
12,U2 R' F R B' R F' R F R' B F',
12,U2 R' F R F' L' B' R2 B' R2 B2 L,
12,U2 R' F R F2 L' U' L F R U2 R',
12,U2 R' F R F2 R U2 R' U2 R' F R,
13,B' F R' F' R B F U2 F' U' F U' F',
13,F R' F' R F' U2 F2 R' F' R F' U2 F,
13,L R' F R F' L' R' U2 R U R' U R,
13,R' F R F' R U2 R2 F R F' R U2 R',
13,U F' L' U' L F2 U F' U' F' L F L',
13,U F' L' U2 L U' F R R B' R' B R',
13,U F' U F U F R' F' R U2 R U R',
13,U F' U F' U' F U' R' F2 R F U2 F2,
13,U F' U' F R' F R F2 U2 F2 R' F' R,
13,U F' U' F U' R' F' R U2 R U2 R' F,
13,U F' U' L' U' L U' F U F R' F' R,
13,U L' U2 R U L R' U F R U R' F',
13,U R U R' U F' U F2 R U R' U' F',
13,U R U R' U' R B' U' R' U R B R',
13,U R U R' U' R U R' U2 R' F R F',
13,U R U R' U' R U' R2 F' U' F U R,
13,U R U R' U' R2 U B U' B2 R' B R',
13,U R U' L2 B' L B' L' B2 L B' L R',
13,U R U' R' F R U' R' U' R U R' F',
13,U R U' R' U' R U R' U' R' F R F',
13,U R U' R' U' R' U' R' F R F' U R,
13,U R U' R' U2 R U R' U' R' F R F',
13,U R U' R2 U' F' U2 F U F' U' F R,
13,U R' D' R U R' D R2 U' B U' B' R',
13,U R' F' L F' L' F2 R U F R' F' R,
13,U R' F' U' F U R2 U' R' U R U2 R',
13,U R' U' R2 U' R2 U2 R U2 R' F R F',
13,U R2 U' D L' B L D' R' U' F R' F',
13,U' B U2 F' U' B' F U' R' F' U' F R,
13,U' F D F' U' F D' F2 U L' U L F,
13,U' F R B' R B R2 F' U' R' F R F',
13,U' F R U R' U' F2 U F U' F' U2 F,
13,U' F U F2 U F2 U2 F' U2 F R' F' R,
13,U' F' U B2 L B' L B L2 B' L B' F,
13,U' F' U F R' F' U F U F' U' F R,
13,U' F' U F U F U F R' F' R U' F',
13,U' F' U F U F' U' F U F R' F' R,
13,U' F' U F U2 F' U' F U F R' F' R,
13,U' F' U F2 U R U2 R' U' R U R' F',
13,U' F' U' F U F' L U F U' F' L' F,
13,U' F' U' F U F' U F2 R U R' U' F',
13,U' F' U' F U F' U' F U2 F R' F' R,
13,U' F' U' F U F2 U' L' U L2 F L' F,
13,U' F' U' F U' R U' R2 F' U' F U R,
13,U' F2 U D' B L' B' D F U R' F R,
13,U' R B U B' R2 U' R U R B' R' B,
13,U' R B U2 B' U R' F' F' L F L' F,
13,U' R U B U B' U R' U' R' F R F',
13,U' R U R' F R' F' R2 U2 R2 F R F',
13,U' R U R' U F R F' U2 F' U2 F R',
13,U' R U' R U R' U F R2 F' R' U2 R2,
13,U' R U' R' U' R' F R F' U2 F' U' F,
13,U2 B' F R F' R B U2 B' F R B F',
13,U2 F R U' R' U R U2 R' U' R' F' R,
13,U2 F R' F' R2 U2 R' F R U R' U' F',
13,U2 F U F' U' F' R U2 L R2 F' L' R,
13,U2 F U F2 U F2 U' F R' F' R U' F',
13,U2 F' U F U F R' F' U' F' U F R,
13,U2 F' U F U' F' U F U F R' F' R,
13,U2 F' U2 F R' F' U F U F' U' F R,
13,U2 F' U2 L' B L' B' L B L' B' L2 F,
13,U2 L R' F' R F' L' U2 L R' F' L' R,
13,U2 R U' R' U R U' R' U' R' F R F',
13,U2 R U' R' U' R' F R U R U' R' F',
13,U2 R U2 B L' B L B' L' B L B2 R',
13,U2 R U2 R' F R U' R' U' R U R' F',
13,U2 R' F R F2 U2 F R' F' U' F U R,
13,U2 R' F' U F U' F' U2 F U F R F',
13,U2 R' U' R U R F' U2 B' F2 R B F',
13,U2 R' U' R2 U' R2 U R' F R F' U R,
14,F' U2 F R U2 R' U' R U R' U' R U R',
14,R U2 R' F' U2 F U F' U' F U F' U' F,
14,U F' R U R' U' R' F R U' R' F R F',
14,U R U R' U' R U' R' F R U R' U' F',
14,U R U' L' B R B R' B' L R2 F R F',
14,U R U' R' F R U R' U' R U R' U' F',
14,U R U' R' U R U B' U' R' U R B R',
14,U R U' R' U R' F R U R' U' F' U R,
14,U R U' R' U R' U' F U R U' R' F' R,
14,U R U' R' U' R U2 R2 U' R2 U' R2 U2 R,
14,U R2 B' R' B R' U R U' R' U R U2 R',
14,U R2 B' R' B R' U' R' F R2 U R' U' F',
14,U' F' U B L' F' L' F L B' F2 R' F' R,
14,U' F' U F R' F' U' F U F' U' F U R,
14,U' F' U F U F' U2 F2 U F2 U F2 U2 F',
14,U' F' U F U' F R' F' U' F U R U' F',
14,U' F' U F U' F U R' U' F' U F R F',
14,U' F' U F U' F' U' L U F U' F' L' F,
14,U' F' U' F U F' U F R' F' U' F U R,
14,U' F2 L F L' F U F R' F2 U' F U R,
14,U' F2 L F L' F U' F' U F U' F' U2 F,
14,U' R F' U' F U F R' F' U F R' F' R,
14,U2 F U2 F R' F2 R F U R U R' U F',
14,U2 F' U F R U' R' U' R' F R F2 U2 F,
14,U2 F' U F U F' U F R U R' F' U' F,
14,U2 F' U' F U F' U' F R U2 R2 F R F',
14,U2 F2 R' F' R U2 F R' F2 R U2 F U2 F',
14,U2 R U R' U' R U R' F' U2 F2 R' F' R,
14,U2 R U' R' F' U F U F R' F' R2 U2 R',
14,U2 R U' R' U' R U' R' F' U' F R U R',
14,U2 R' U2 R' F R2 F' R' U' F' U' F U' R,
14,U2 R2 F R F' U2 R' F R2 F' U2 R' U2 R,
15,F R' F' U B' F R' F' R B U' F' U' F R,
15,R' F R U' L R' F R F' L' U R U R' F',
15,U R R B' R' B R' U' R' F R2 U R' U' F',
15,U R' D' R U R' D R2 U' R' U' R' F R F',
15,U R' F R F2 U F U2 F' U F U' F' U F,
15,U' F D F' U' F D' F2 U F U F R' F' R,
15,U' F R' F' R2 U' R' U2 R U' R' U R U' R',
15,U2 F L F2 R' F' R' D2 R F L2 R2 B L R',
15,U2 F R' F' R U F U F R' F' U' F' U R,
15,U2 R' B' R2 F R F D2 F' R' B2 F2 L' B' F,
15,U2 R' F R F' U' R' U' R' F R U R U' F',
